date,title,teaser,url,detail_title,full_text
22.08.2025,2025 Yılı Genel Değerlendirme Toplantısı,,https://www.adiyaman.gov.tr/2025-yili-genel-degerlendirme-toplantisi,Teknik olarak web sitemizde kullanılan çerez türleri aşağıdaki tabloda gösterilmektedir.,
09.01.2025,Valimiz Sayın Dr. Osman Varol’un “10 Ocak Çalışan Gazeteciler Günü” Mesajı…,,https://www.adiyaman.gov.tr/valimiz-sayin-dr-osman-varolun-10-ocak-calisan-gazeteciler-gunu-mesaji,Teknik olarak web sitemizde kullanılan çerez türleri aşağıdaki tabloda gösterilmektedir.,"İletişim çağının hayatımızın her noktasına sirayet ettiği günümüzde milletimizin ortak sesi olmanın ötesinde kamuoyunun vicdanını temsil eden tüm basın mensuplarımızın 10 Ocak Çalışan Gazeteciler Günü'nü en içten dileklerimle kutluyorum.

Bilginin her geçen gün katlanarak çoğaldığı ve teknolojinin takip edilmesinin hızla geliştiği günümüzde başta internet ve sosyal medya olmak üzere bilgiye ve habere erişimin çeşitlendiği ve kolaylaştığı günümüz dünyasında, toplumda bilgi kirliliğine ve algı amaçlı yanlış yönlendirmelere yol açabilecek olumsuzlukları da beraberinde getiren bu gelişmeler karşısında basın çalışanlarımızın sorumlulukları daha da artmıştır. Basınımızın ilkeli habercilik anlayışı içerisinde, toplumsal hassasiyetleri de dikkate alarak, kamuoyunu doğru ve tarafsız bilgilendirme görevini layıkıyla yerine getireceğine inanıyoruz.

Adıyaman Valiliği olarak mesleğini büyük bir sorumluluk hissiyatıyla yerine getiren, mesai mefhumu gözetmeksizin zorlu şartlar altında haber peşinde koşan basın emekçilerimizin çalışmalarını daha iyi koşullarda ve daha verimli bir şekilde yapabilmelerine büyük önem veriyor bunu sağlamak için üzerimize düşen sorumlulukları yerine getirmeye gayret ediyoruz.

Adıyaman'ımızın sorunlarını ve ihtiyaçlarını kamuoyuna aktaran ve sorunların çözümünde önerileriyle toplumdaki mekanizmanın daha sağlıklı bir şekilde çalışmasına yardımcı olan milletimizin adeta gören gözü, işiten kulağı olan gazetecilerimizin bu görevi yerine getirmede gösterdikleri fedakârlık ve gayretlerini takdirle karşılıyorum.

Bu duygu ve düşüncelerle, yaşadığımız deprem afetinde hayatını kaybeden basın şehitlerimize Allah'tan rahmet, yakınlarına ve basın camiasına başsağlığı ve sabır diliyorum. Çalışma arkadaşlarım olarak gördüğüm yerel ve yaygın basınımızın değerli temsilcilerinin ""10 Ocak Çalışan Gazeteciler Günü""nü kutluyor; kendilerine ve ailelerine sağlık, mutluluk ve başarılar diliyorum."
02.12.2024,Valimiz Sayın Dr. Osman Varol’un “3 Aralık Dünya Engelliler Günü” Mesajı,,https://www.adiyaman.gov.tr/valimiz-sayin-dr-osman-varolun-3-aralik-dunya-engelliler-gunu-mesaji,Teknik olarak web sitemizde kullanılan çerez türleri aşağıdaki tabloda gösterilmektedir.,
24.11.2024,Valimiz Sayın Dr. Osman Varol’un “24 Kasım Öğretmenler Günü Mesajı”,,https://www.adiyaman.gov.tr/valimiz-sayin-dr-osman-varolun-24-kasim-ogretmenler-gunu-mesaji,Teknik olarak web sitemizde kullanılan çerez türleri aşağıdaki tabloda gösterilmektedir.,
09.11.2024,VALİMİZ SAYIN DR. OSMAN VAROL’UN 10 KASIM ATATÜRK’Ü ANMA MESAJI,,https://www.adiyaman.gov.tr/valimiz-sayin-dr-osman-varolun-10-kasim-ataturku-anma-mesaji,Teknik olarak web sitemizde kullanılan çerez türleri aşağıdaki tabloda gösterilmektedir.,
29.10.2024,Bağımsızlığımızın Simgesi Cumhuriyetimiz 101 Yaşında,,https://www.adiyaman.gov.tr/bagimsizligimizin-simgesi-cumhuriyetimiz-101-yasinda,Teknik olarak web sitemizde kullanılan çerez türleri aşağıdaki tabloda gösterilmektedir.,
29.08.2024,Valimiz Sayın Dr. Osman Varol’un “30 Ağustos Zafer Bayramı” Mesajı…,,https://www.adiyaman.gov.tr/valimiz-sayin-dr-osman-varolun-30-agustos-zafer-bayrami-mesaji,Teknik olarak web sitemizde kullanılan çerez türleri aşağıdaki tabloda gösterilmektedir.,"Şanlı zaferler ve eşsiz kahramanlıklarla maruf bir tarihi, yarınlara onurlu bir miras olarak bırakan aziz ceddimizin, vatanımızın bağımsızlığını tüm dünyaya bir kez daha haykırdığı Başkomutanlık Meydan Muharebesi’nin 102. yıl dönümünü kutlamanın onur ve gurunu yaşıyoruz.

Aziz Milletimizin Büyük ve Güçlü Türkiye yürüyüşünde en büyük ilham kaynaklarından biri olan Büyük Taarruz’un zaferle sonuçlandığı ağustos ayının son haftasını “Zafer Haftası” olarak büyük bir gururla kutlamaktayız.

30 Ağustos’ta kazanılan bu destansı zaferle milletimiz, kendisine reva görülen esaret gömleğini yırtıp atmış, ne pahasına olursa olsun bağımsızlığından taviz vermeyeceğini tüm dünyaya ilan etmiştir. Son devletimiz Türkiye Cumhuriyeti'nin de müjdesi olan Büyük Zafer, tarihten silinmek istenen Türk milletinin yeniden şahlanışının adıdır.

Tarihimizin en önemli dönüm noktası ve milletimizin hürriyet ve bağımsızlık fikrinin ölmez bir abidesi olarak tarihteki yerini alan 30 Ağustos Zaferi, aynı zamanda bağımsız yaşamak isteyen birçok ulusa da yol göstermiştir. Bugün böylesi şanlı bir tarihin mirasçıları olan bizlere düşen en önemli görev aynı şuur ve ruhla, ecdadımızın emaneti vatanımıza ve Cumhuriyetimize sahip çıkmak, ülkemizin gelişmesi için var gücümüzle çalışmaktır.

Milletimiz dün olduğu gibi bugün de geçmişten aldığı ilhamla bu mukaddes emanetin sorumluluğunu milli birlik ve beraberlik şuuru içinde hür ve bağımsız yaşama kararlılığını ilelebet sürdürecek, bu topraklar üzerinde Türkiye Cumhuriyeti sonsuza kadar var olacak ve ay-yıldızlı bayrağımız ilelebet dalgalanacaktır.

Bu duygu ve düşüncelerle, Cumhuriyetimizin banisi Gazi Mustafa Kemal Atatürk’ü rahmet ve minnetle yad ediyor, kanlarıyla destan, cesaretleriyle tarih yazarak bizlere bu toprakları vatan bırakan tüm şehitlerimize Allah’tan rahmet diliyor, gazilerimizi saygı ve minnetle anıyorum. Türk Silahlı Kuvvetlerimizin kahraman mensuplarının ve Adıyamanlı hemşehrilerimin Zafer Bayramı’nı kutluyor saygı ve sevgilerimi sunuyorum."
03.08.2024,KENT MEYDANI VE ÇEVRESİ KENTSEL DÜZENLEME PROJESİ,,https://www.adiyaman.gov.tr/kent-meydani-ve-cevresi-kentsel-duzenleme-projesi,Teknik olarak web sitemizde kullanılan çerez türleri aşağıdaki tabloda gösterilmektedir.,
26.07.2024,"Vali Dr. Osman Varol, Kalıcı Deprem Konutları ve Kamu Yatırımlarını Değerlendirdi",,https://www.adiyaman.gov.tr/vali-dr-osman-varol-kalici-deprem-konutlari-ve-kamu-yatirimlarini-degerlendirdi,Teknik olarak web sitemizde kullanılan çerez türleri aşağıdaki tabloda gösterilmektedir.,
14.07.2024,"Valimiz Sayın Dr. Osman Varol’un “15 Temmuz Şehitleri Anma, Demokrasi ve Milli Birlik Günü” Mesajı.",,https://www.adiyaman.gov.tr/valimiz-sayin-dr-osman-varolun-15-temmuz-sehitleri-anma-demokrasi-ve-milli-birlik-gunu-mesaji,Teknik olarak web sitemizde kullanılan çerez türleri aşağıdaki tabloda gösterilmektedir.,
15.06.2024,Valimiz Sayın Dr. Osman Varol’un Kurban Bayramı Mesajı,,https://www.adiyaman.gov.tr/valimiz-sayin-dr-osman-varolun-kurban-bayrami-mesaji,Teknik olarak web sitemizde kullanılan çerez türleri aşağıdaki tabloda gösterilmektedir.,"Aziz milletimizi manevi iklimiyle saran, ortak bir ruhla kaynaştıran ve kucaklaştıran bir Kurban Bayramı’na daha erişmenin heyecan ve mutluluğunu yaşıyoruz.

Aziz milletimizin mayasında bulunan yardımlaşma ve dayanışma geleneğinin en güzide örneklerinin yaşandığı bayramlar; yoksulun, yetimin, düşkünün korunup kollandığı, kırgınlıkların yerini sevgi ve barışın aldığı, kin ve nefretin ortadan kalktığı müstesna günlerdir.

Bu bakımdan bayramın manevi ikliminin tüm gönüllere, hanelere, şehrimize, ülkemize ve İslam dünyasına huzur ve mutluluk getirmesini diliyorum.

Bayram süresince, siz değerli Adıyamanlı hemşerilerimizin, bayramını rahat ve huzurlu bir şekilde geçirebilmesi için Valiliğimizce gerekli her türlü tedbir ve önlemler ilgili kurum ve kuruluşlarımızla koordineli bir şekilde alınmıştır.

Ayrıca, Bayram vesilesiyle seyahate çıkacak hemşerilerimden istirhamım, trafik kurallarına uymaları, yorgun ve uykusuz bir şekilde seyahat etmemeleri, özellikle hız kurallarına azami derecede riayet etmeleridir. Bayram sevincimizi matem havasına büründürmemek için bu konuda lütfen hepimiz üzerimize düşeni yapalım.

Bu duygu ve düşüncelerle mübarek Kurban Bayramı’nın ülkemize, milletimize huzur getirmesini temenni ediyor, ülkesi ve vatanı için canlarını feda eden şehitlerimizi ve gazilerimizi rahmet ve minnetle anarken, hizmet etmekten onur ve mutluluk duyduğum siz değerli Adıyamanlı hemşerilerimin Kurban Bayramı’nı en içten dileklerimle kutluyor sevgi ve saygılarımı sunuyorum."
13.06.2024,Valimiz Sayın Dr. Osman Varol’un “Jandarma’nın 185. Kuruluş Yıldönümü” Mesajı,,https://www.adiyaman.gov.tr/valimiz-sayin-dr-osman-varolun-jandarmanin-185-kurulus-yildonumu-mesaji,Teknik olarak web sitemizde kullanılan çerez türleri aşağıdaki tabloda gösterilmektedir.,
18.05.2024,"Valimiz Sayın Dr. Osman Varol’un “19 Mayıs Atatürk’ü Anma, Gençlik ve Spor Bayramı” Mesajı",,https://www.adiyaman.gov.tr/valimiz-sayin-dr-osman-varolun-19-mayis-ataturku-anma-genclik-ve-spor-bayrami-mesaji,Teknik olarak web sitemizde kullanılan çerez türleri aşağıdaki tabloda gösterilmektedir.,
12.05.2024,Valimiz Sayın Dr. Osman Varol’un “Anneler Günü” Mesajı,,https://www.adiyaman.gov.tr/valimiz-sayin-dr-osman-varolun-anneler-gunu-mesaji,Teknik olarak web sitemizde kullanılan çerez türleri aşağıdaki tabloda gösterilmektedir.,
09.05.2024,Valimiz Sayın Dr. Osman Varol’un “Engelliler Haftası” Mesajı,,https://www.adiyaman.gov.tr/valimiz-sayin-dr-osman-varolun-engelliler-haftasi-mesaji,Teknik olarak web sitemizde kullanılan çerez türleri aşağıdaki tabloda gösterilmektedir.,
22.04.2024,Valimiz Sayın Dr. Osman Varol’un “23 Nisan Ulusal Egemenlik ve Çocuk Bayramı” Mesajı,,https://www.adiyaman.gov.tr/valimiz-sayin-dr-osman-varolun-23-nisan-ulusal-egemenlik-ve-cocuk-bayrami-mesaji,Teknik olarak web sitemizde kullanılan çerez türleri aşağıdaki tabloda gösterilmektedir.,
22.04.2024,"Vali Dr. Osman Varol, Haftanın İlk Gününde Vatandaşları Ağırladı",,https://www.adiyaman.gov.tr/vali-dr-osman-varol-haftanin-ilk-gununde-vatandaslari-agirladi,Teknik olarak web sitemizde kullanılan çerez türleri aşağıdaki tabloda gösterilmektedir.,
09.04.2024,Valimiz Sayın Dr. Osman Varol’un Ramazan Bayramı Mesajı,,https://www.adiyaman.gov.tr/valimiz-sayin-dr-osman-varolun-ramazan-bayrami-mesaji,Teknik olarak web sitemizde kullanılan çerez türleri aşağıdaki tabloda gösterilmektedir.,"Derin bir manevi iklimi idrak ettiğimiz Ramazan ayını geride bırakırken yeni umutların güç bulacağı mübarek Ramazan Bayramı’na erişmenin mutluluğunu yaşamaktayız.

Bu vesileyle, Adıyamanlı kardeşlerimin, milletimizin ve tüm İslam aleminin mübarek Ramazan Bayramı’nı en kalbi duygularımla tebrik ediyor, bu mübarek ayda tutulan oruçların, verilen fitrelerin, yapılan ibadet ve duaların Allah katında kabul olmasını diliyorum.

Değerli Adıyamanlı hemşerilerimiz;

Bir milleti kaynaştıran en önemli unsurların başında gelen ve toplumsal yaşamda önemli yeri bulunan Bayramlar, birlik ve beraberlik duygularının yoğunlaştığı, sevinç, neşe ve coşkunun buluştuğu, iyilik ve güzelliklerin harmanlandığı, insanlar arasındaki karşılıklı sevgi ve saygının perçinleştiği, insanların kardeşçe kucaklaştıkları çok özel günlerdir.

Geçtiğimiz yıl olduğu gibi bu yılda Ramazan Bayramı’nı asrın felaketi olarak nitelendirilen ve ilimizi de derinden etkileyen depremin gölgesinde gerçekleştirmenin ve yitirdiğimiz birçok canlarımızla bayramlaşıp kucaklaşamamanın acısıyla buruk bir şekilde idrak ediyoruz.

Bu anlamda yaşadığımız sıkıntılı bu süreci her zorlukta birbirine kenetlenen birlik, beraberlik ve kardeşlik ruhuna sahip Aziz milletimiz ve devletimiz sayesinde dayanışma içerisinde el ele gönül gönüle vererek daha kolay aşacağımıza olan inancımı ifade etmek istiyorum.

Adıyamanlı hemşerilerimiz şundan emin olmalıdır ki, bu kadim şehri tekrar ayağa kaldırmak ve o eski canlı ve hareketli günlerine kavuşturmak için kamu kurum ve kuruluşlarımız, bu kentin tüm dinamikleri ve mesai arkadaşlarımızla birlik gece gündüz demeden yoğun gayret gösteriyoruz. Sayın Cumhurbaşkanımızın riyasetinde ilk kalıcı deprem konutlarımızda teslimata başlayarak vatandaşlarımızı konutlarına yerleştirdik.  Devletimizin güçlü desteği ile Adıyaman'da hak sahibi vatandaşlarımızın tamamına anahtarlarını teslim edene kadar da gece gündüz demeden gayretli çalışmalarımıza devam edeceğiz.

Vatandaşlarımızın huzur ve güven içerisinde Ramazan Bayramı’nı idrak etmeleri için de Valiliğimizce gerekli tedbirler alınmıştır. Özellikle seyahate çıkacak vatandaşlarımızın trafik kurallarına riayet etmeleri ve bayram sevincini acıya dönüştürecek her türlü davranıştan uzak durmalarını istirham ediyorum.

Bu düşüncelerle bu zorlu günlerin bir an önce bitmesi ve daha güzel bayramlarda buluşmak temennisiyle bütün Adıyamanlı hemşerilerimin, aziz milletimizin ve tüm İslam aleminin mübarek Ramazan Bayramı’nı en içten duygularımla kutluyor, aziz şehitlerimizi ve bu büyük felakette hayatını kaybeden vatandaşlarımızı saygı ve rahmetle, kahraman gazilerimizi de şükranla anıyor, sevgi ve saygılarımı sunuyorum."
09.04.2024,"Valimiz Sayın Dr. Osman Varol’un; “10 NİSAN POLİS HAFTASI"" Mesajı",,https://www.adiyaman.gov.tr/valimiz-sayin-dr-osman-varolun-10-nisan-polis-haftasi-mesaji,Teknik olarak web sitemizde kullanılan çerez türleri aşağıdaki tabloda gösterilmektedir.,"Aziz milletimizin kendisine duyduğu güvene layık olabilmek için dünyanın en zor coğrafyasında, oldukça meşakkatli bir görev alarak bu sorumluluğu büyük bir fedakârlıkla sürdüren Türk Polis Teşkilatımızın kuruluşunun 179’uncu yıldönümünü kutlamanın onurunu ve gururunu yaşıyoruz.

Vatandaşlarımızın huzuru, güvenliği ve esenliği için mukaddes vatan topraklarının dört bir yanında fedakârca görev yapan Türk Polis Teşkilatımızın kıymetli mensuplarının “10 Nisan Polis Günü”nü kutluyorum.

Şerefli mazisinden ve milletimizden aldığı güçle kendisine tevdi edilen görev ve sorumlulukları her koşulda en iyi şekilde yerine getiren emniyet teşkilatımız, çağın getirdiği değişim ve gelişmelere ayak uydurmak için en iyi atılımları yaparak dünyada ortaya çıkan gelişmeler ışığında milletimizin değişen beklentilerine cevap vermek için kendini sürekli yenilemektedir.

Bu bağlamda, vatandaşlarımızın huzur ve güveni için mesai mefhumu gözetmeksizin her türlü zorluğa göğüs gören emniyet teşkilatımız, yasalar çerçevesinde kamu düzeninin korunması, halkımızın can ve mal güvenliğinin sağlanması için görevlerini bugüne kadar layıkıyla yerine getirdiği gibi bundan sonra da şerefli mazisinden ve milletimizden aldığı güçle topluma güven veren hizmetlerini yüksek bir şuurla en iyi şekilde devam ettirecektir.

Özellikle yaşanmış olduğumuz deprem felaketinde güvenliğin dışında Adıyamanlı vatandaşlarımızla ele ele verip arama kurtarma çalışmalarına katılarak ortaya koydukları özverili çalışmaları dolayısıyla Polis Teşkilatımıza teşekkür ediyorum.

Bu duygu ve düşüncelerle; milletimizin birliği ve bütünlüğü ile kutsal vatan toprakları uğruna şehit düşen kahraman polislerimize Allah'tan rahmet, gazilerimize şükranlarımı sunuyorum. Aziz milletimiz için iftihar kaynağı olan Türk Polis Teşkilatımızın 179. kuruluş yıldönümünü tebrik ediyor, tüm emniyet mensuplarımıza başarılar diliyor, kendilerini en kalbi duygularımla selamlıyorum."
07.03.2024,GÜVENLİK VE ASAYİŞ DEĞERLENDİRME TOPLANTISI VALİMİZ SAYIN DR. OSMAN VAROL BAŞKANLIĞINDA GERÇEKLEŞTİRİLDİ,,https://www.adiyaman.gov.tr/guvenlik-ve-asayis-degerlendirme-toplantisi-valimiz-sayin-dr-osman-varol-baskanliginda-gerceklestirildi,Teknik olarak web sitemizde kullanılan çerez türleri aşağıdaki tabloda gösterilmektedir.,
25.01.2024,İL İSTİHDAM TOPLANTISI VALİ DR. OSMAN VAROL BAŞKANLIĞINDA GERÇEKLEŞTİRİLDİ,,https://www.adiyaman.gov.tr/il-istihdam-toplantisi-vali-dr-osman-varol-baskanliginda-gerceklestirildi,Teknik olarak web sitemizde kullanılan çerez türleri aşağıdaki tabloda gösterilmektedir.,
24.01.2024,2024 Yılı 1. Dönem İl Koordinasyon Kurulu Toplantısı Vali Dr. Osman Varol başkanlığında gerçekleştirildi,,https://www.adiyaman.gov.tr/2024-yili-1-donem-il-koordinasyon-kurulu-toplantisi-vali-dr-osman-varol-baskanliginda-gerceklestirildi,Teknik olarak web sitemizde kullanılan çerez türleri aşağıdaki tabloda gösterilmektedir.,
29.10.2023,CUMHURİYETİMİZ 100 YAŞINDA,,https://www.adiyaman.gov.tr/cumhuriyetimiz-100-yasinda,Teknik olarak web sitemizde kullanılan çerez türleri aşağıdaki tabloda gösterilmektedir.,"Milletimizin ezelden ebede uzanan tarih yolculuğunda çok önemli bir dönüm noktası olan ve önümüzde yepyeni ufuklar açan Türkiye Cumhuriyeti’nin kuruluşunun 100. yılı, yurt genelinde olduğu gibi, Adıyaman’da da büyük bir coşkuyla kutlandı.

Tüm yurtta kutlamalarına başlanan 29 Ekim Cumhuriyet Bayramı kutlamaları, Adıyaman’da Vali Dr. Osman Varol’un Valilik Makamında tebrikatları kabulü ile başladı.

Tebrikat Töreni sonrası 29 Ekim kutlamaları, Valilik Önü Atatürk Bulvarında düzenlenen çeşitli etkinliklerle kutlandı.

Saygı duruşu ve İstiklal Marşı’nın okunmasıyla başlayan törende, Vali Dr. Osman Varol, Belediye Başkanı Süleyman Kılınç’la birlikte tören aracında protokol üyelerinin, vatandaşların ve öğrencilerin bayramını kutladı. Ardından törene geçildi. Törende Cumhurbaşkanımız Sayın Recep Tayyip Erdoğan’ın Cumhuriyetimizin kuruluşunun 100. yıldönümü dolayısıyla yayınladığı mesajı okundu.

Her kesimden büyük ilgi gösterilen kutlama töreni, Vali Dr. Osman Varol’un konuşmasıyla devam etti.

29 Ekim Cumhuriyet Bayramının 100. yıldönümünü kutlayarak konuşmasına başlayan Vali Dr. Osman Varol, Bugün mazisi şanla dolu Yüce Milletimizin, varını yoğunu ortaya koyup bir kurtuluş mücadelesi vererek yeniden güçlü bir devlet olma azmini gösterip modern cumhuriyeti kurmasının 100. Yıl dönümünü kutluyoruz. Şan, şeref ve destanlarla dolu tarihimizden aldığımız azim, cesaret ve vakarla Cumhuriyetimizin 100’üncü yılına aziz milletimizle birlikte yürümenin engin gururunu yüreklerimizde hissediyoruz. Bugün, milletimizin zor şartlarda bir araya gelerek nasıl yeniden ayağa kalkabileceğini gösteren, geleceğimiz için bize umut aşılayan, attığımız her adımda ders almamız gereken çok mühim bir olayı anıyoruz. Her 29 Ekim, bağımsız ve onurlu yaşama azmimizi tazelemenin ve el ele vererek geleceğe güvenle bakabilmenin bayramıdır. Cumhuriyet, Aziz Milletimizin binlerce yıllık tarihi boyunca gerçekleştirdiği en önemli atılımlardan birisidir. Bugün Türkiye Cumhuriyeti bir yandan köklerine daha sıkı sarılan, diğer yandan semaya doğru daha fazla yükselen, kendi gövdesiyle birlikte geniş bir alanda güvenin, huzurun, umudun adı olan bir devlettir. Bu anlamlı günde Cumhuriyetimizin kurucusu Büyük Önder Mustafa Kemal ATATÜRK’ü, onun kahraman silah arkadaşlarını, kanlarıyla bu toprakları bize vatan yapan ve yaşadığımız şu günler de dahil olmak üzere bizlere canlarıyla, kanlarıyla hizmet eden aziz şehitlerimizi ve değerli gazilerimizi sonsuz minnet, şükran ve rahmetle anıyoruz.

Vali Dr. Osman Varol, “Bugün Türkiye Cumhuriyeti, etrafımızda yaşanan başta terör ve bölgesel konular gibi bütün olumsuz gelişmelere, küresel pandemi ve ekonomik krizler ile yaşadığımız deprem afetine rağmen demokratik gelişimini ve ekonomik kalkınmasını her geçen gün sürdüren, bölgesine istikrar ve refah ihraç eden bir ülke haline gelmiştir. Çağın ve dünyanın şartlarına uygun olarak da sürekli değişim ve gelişimini her alanda sürdürmektedir. 6 Şubat 2023 tarihinde asrın felaketi olarak nitelendirilen Kahramanmaraş merkezli depremlerle sarsılan ülkemiz ve bölgemiz dünyanın en büyük felaketlerinden biriyle karşı kaldı. Devlet olarak depremin ilk anından itibaren tüm kurum ve kuruluşlarımızla ve STK’larımızla adeta seferberlik ruhuyla deprem bölgelerinde çalışmaya koyularak vatandaşlarımızı asla yalnız bırakmadık, bırakmıyoruz. Arama kurtarma çalışmalarının hemen ardından, Konteyner ve prefabrik yapılardan oluşan geçici barınma merkezlerinin kurulumuna başlayarak vatandaşlarımızın mağduriyetine mahal vermeyecek şekilde çalışmalarımızı hızla başlattık. Cumhurbaşkanımız Sayın Recep Tayyip Erdoğan’ın gösterdiği azim ve kararlılıkla ilimizin dört bir tarafında inşaatına başlanılan afet konutlarını bir an önce tamamlayarak vatandaşlarımızı sıcak ve güvenli yuvalarına kavuşturmak için de çalışmalarımız hız kesmeden devam ediyor.

Türkiye Yüzyılına girerken; büyüyen, güçlenen, dünyada ağırlığı ve itibarı artan Türkiye gerçeğine bir kez daha şahit olmanın bahtiyarlığını yaşıyoruz. Bir asır önce milli mücadelesini Cumhuriyetin kuruluşuyla tamamlayan milletimiz, Cumhuriyetin ikinci asrını da Türkiye yüzyılıyla taçlandıracaktır. Geleceğin dünyasında önemi giderek artan teknolojide de Türkiye Yüzyılı vizyonumuzu hayata geçirmekte kararlıyız. İnsansız hava araçlarından yerli otomobile, milli ve yerli tanklardan deniz araçlarına kadar her alanda kendi kendine yeten ülkemiz, Türkiye Yüzyılını nakış nakış işleyerek kararlılıkla yoluna devam etmektedir. Bu bağlamda 2023, 2053 ve 2071 hedefleri bizim için çizilmiş ufuklardır. Bu hedeflere ulaşmak için bir an bile duraksamayacağız. Biliyoruz ki bu hedeflerin gerçekleşmesine sadece ülkemizin değil, bizim için dua eden tüm mazlumların ihtiyacı var. Cumhuriyetimizin 100. yılına doğru bu büyük uyanış ikliminde gidiyoruz”. dedi

Konuşmasında gençlere de seslenen Vali Dr. Osman Varol, “Gençlik her millet için önemli bir kuvvettir. Bilinçli ve sorumluluk sahibi bir gençlik, o milletin umududur. Rekabetçi, milli ve manevi değerlerini koruyan, ileri görüşlü genç bir neslin yetişmesi, sahip olduğumuz şanlı tarihle birleştirildiğinde, Türkiye’mizi yalnızca ileri toplumlar seviyesine ulaştırmakla kalmayacak, oldukça geniş gönül coğrafyamızda bizi pek çok ülkeye önderlik yapabilecek konuma getirecektir. İçinde yer aldığı coğrafya ve sahip olduğu tarihi miras Aziz Milletimizin üzerine çok önemli sorumluluklar yüklemektedir. Cumhuriyeti koruma ve bu büyük sorumluluğun gereğini yerine getirme görevi her daim gençlerimizin üzerinde olmuştur. Atatürk’ün çizdiği yolda, milli ve manevi değerlerine bağlı, dürüst, vicdanlı, akılcı, ileri görüşlü gençler olarak, çalışmalarınız, duyarlılığınız ve kararlılığınızla sizlere duyulan büyük güvene layık olacağınıza, aldığınız bu kıymetli mirası daha da değerli hale getirerek, nesilden nesle aktaracağınıza yürekten inanıyoruz” dedi.

Milletimizin Cumhuriyetle huzurlu ve mutlu olduğunu kaydeden Vali Dr. Osman Varol, “Milletimiz Cumhuriyetle huzurlu ve mutludur. Zaman zaman buhranlı dönemler yaşamış olsak da Cumhuriyetimizin bugün bizleri ulaştırdığı nokta kıvanç vericidir. Yine de elde ettiğimiz başarılarla yetinmemeli, özellikle ülkemizin bütünlüğüne yönelik eylemlerin giderek yoğunlaştığı, özellikle dış tehditlerin dozunun arttığı bugünlerde en çok ihtiyaç duyduğumuz milli birlik ve beraberliğimizi pekiştirmeli, hep beraber el ele vererek kenetlenmeli, bölünmez bütünlüğümüze ve Cumhuriyetimizin bize kazandırdığı değerlere sahip çıkmalıyız. Mukaddes vatanımızın birliği ve bütünlüğü uğruna verilen kurtuluş mücadelesinin taçlanarak Cumhuriyetimizin kurulduğu bu çok anlamlı günün yıldönümünde, Cumhuriyetimizin kurucusu Büyük Atatürk’ü, O’nun kahraman silah arkadaşlarını ve kanları ile bu toprakları vatan yapan ve günümüzde halen, her geçen gün bu fedakârlığı göstermeye devam eden tüm aziz şehitlerimizi ve gazilerimizi, Devletimize farklı alanlarda hizmet etmiş tüm devlet adamlarımızı milletçe sonsuz şükran ve rahmetle anıyoruz. Bu duygu ve düşüncelerle tüm Adıyamanlı hemşerilerimize ve Aziz milletimize sağlık, huzur ve mutluluk dolu günler diliyorum” ifadelerini kullandı.

29 Ekim Cumhuriyet Bayramı programı, Halkoyunları Ekibinin gösterilerini sunmaları, öğrencilerin şiir okuması, dereceye giren öğrencilere ve sporculara ödüllerinin verilmesi ve resmi geçit töreni ile son buldu.

29 Ekim Cumhuriyet Bayramı kutlamalarına Vali Dr. Osman Varol, Adıyaman Milletvekili Doç Dr. İshak Şan, Belediye Başkanı Süleyman Kılınç, Cumhuriyet Başsavcısı Gökhan Şahin, Adıyaman Üniversitesi Rektörü Prof. Dr. Mehmet Kelleş, Vali Yardımcıları, İl Jandarma Komutanı Albay Hikmet Uz, İl Emniyet Müdürü Cihat Dağdeviren, Siyasi Parti Başkanları, kamu kurum ve kuruluşların amirleri, sivil toplum kuruluşu temsilcileri, şehit aileleri, Kıbrıs Gazileri, vatandaşlar ve öğrenciler katıldı."
28.10.2023,ADIYAMAN VALİSİ DR. OSMAN VAROL’UN “29 EKİM CUMHURİYET BAYRAMI” MESAJI,,https://www.adiyaman.gov.tr/adiyaman-valisi-dr-osman-varolun-29-ekim-cumhuriyet-bayrami-mesaji,Teknik olarak web sitemizde kullanılan çerez türleri aşağıdaki tabloda gösterilmektedir.,
24.10.2023,İL KOORDİNASYON KURULU TOPLANTISI VALİ DR. OSMAN BAŞKANLIĞINDA GERÇEKLEŞTİRİLDİ,,https://www.adiyaman.gov.tr/il-koordinasyon-kurulu-toplantisi-vali-dr-osman-baskanliginda-gerceklestirildi,Teknik olarak web sitemizde kullanılan çerez türleri aşağıdaki tabloda gösterilmektedir.,
30.08.2023,Şanlı Zaferin 101. Yıldönümü Kutlandı,,https://www.adiyaman.gov.tr/sanli-zaferin-101-yildonumu-kutlandi,Teknik olarak web sitemizde kullanılan çerez türleri aşağıdaki tabloda gösterilmektedir.,"Tarihi şan ve şerefle dolu aziz milletimizin Türk Silahlı Kuvvetleri ile bütünleşerek Anadolu topraklarının ezeli ve ebedi vatanımız olduğunu tüm dünyaya ilan ettiği Başkomutanlık Meydan Muharebesinin 101. yıl dönümü “30 Ağustos Zafer Bayramı” Adıyaman’da Atatürk anıtına çelenk konulmasıyla başladı.

Atatürk anıtına çelenk konulması, bir dakikalık saygı duruşu ve İstiklal Marşının okunmasıyla başlayan 30 Ağustos Zafer Bayramı töreni, Adıyaman Vali Vekili Mehmet Faruk Kazdal’ın Valilik Makamında tebrikatları kabulü ile devam edildi.

Valilik Makamındaki Tebrikat Töreni sonrası Valilik Konferans Salonundaki törene geçildi. Bir dakikalık saygı duruşu ve İstiklal Marşının okunmasının ardından, Cumhurbaşkanımız Sayın Recep Tayyip Erdoğan’ın 30 Ağustos Zafer Bayramı dolayısıyla yayınladığı mesajı okundu.

Cumhurbaşkanımız Sayın Recep Tayyip Erdoğan’ın mesajının okunmasının ardından Askerlik Şubesi Başkanı Binbaşı Serkan Güvel tarafından 30 Ağustos Zafer Bayramı dolayısıyla günün anlam ve önemini belirten bir konuşma yapıldı.

Günün anlam ve önemini belirten konuşmaların ardından, Adıyaman Anadolu Lisesi öğrencilerinden Olcay Aslan ve İsmail Büyükpolat tarafından şiirler okundu.

Adıyaman’da kutlanan 30 Ağustos Zafer Bayramı etkinliklerine, Vali Vekili Mehmet Faruk Kazdal, Adıyaman Milletvekilleri Mustafa Alkayış, Abdurrahman Tutdere, Belediye Başkanı Süleyman Kılınç, Cumhuriyet Başsavcısı Gökhan Şahin, Adıyaman Üniversitesi Rektörü Prof. Dr. Mehmet Kelleş, kamu kurum ve kuruluşların amirleri, siyasi parti başkanları, sivil toplum kuruluşu temsilcileri, jandarma ve emniyet personeli ile şehit aileleri ve Kıbrıs Gazileri katıldı."
18.08.2023,"VALİ VAROL, BASIN MENSUPLARIYLA BİR ARAYA GELDİ",,https://www.adiyaman.gov.tr/vali-varol-basin-mensuplariyla-bir-araya-geldi,Teknik olarak web sitemizde kullanılan çerez türleri aşağıdaki tabloda gösterilmektedir.,
16.08.2023,Kadına Yönelik Şiddetle Mücadele Koordinasyon Toplantısı Yapıldı.,,https://www.adiyaman.gov.tr/kadina-yonelik-siddetle-mucadele-koordinasyon-toplantisi-yapildi,Teknik olarak web sitemizde kullanılan çerez türleri aşağıdaki tabloda gösterilmektedir.,"Şiddetle mücadele kapsamında sunulan hizmetlerin etkin bir şekilde yürütülmesi ve uygulamadaki sorunların giderilmesi amacıyla düzenlenen Kadına Yönelik Şiddetle Mücadele İl Koordinasyon Toplantısı Valimiz Sayın Dr. Osman Varol başkanlığında ilgili kurumların katılımıyla gerçekleştirildi.

Toplantıda kadına yönelik şiddetle mücadele kapsamında ilimizde yürütülen ve planlanan çalışmalar hakkında sunum yapılırken, Eylem Planı’nın etkin bir şekilde uygulanması amacıyla kadına şiddet alanında çalışan ilgili kurumların görüş ve önerileri değerlendirildi.

Toplantının açılış konuşmasını yapan Valimiz Sayın Dr. Osman Varol, “Kadına yönelik şiddetin önlenmesi hiç kuşkusuz toplumsal kalkınmamıza da hız kazandıracaktır. Adıyaman’da kamu kurum ve kuruluşlarımız ve toplumun her kesimiyle iş birliği içerisinde ""Şiddete sıfır tolerans"" ilkesi doğrultusunda kadına yönelik şiddetin her türlüsüyle kararlılıkla mücadele edeceğiz” ifadelerini kullandı."
15.08.2023,Köydes Değerlendirme Toplantısı Vali Dr. Osman Varol Başkanlığında Yapıldı,,https://www.adiyaman.gov.tr/koydes-degerlendirme-toplantisi-vali-dr-osman-varol-baskanliginda-yapildi,Teknik olarak web sitemizde kullanılan çerez türleri aşağıdaki tabloda gösterilmektedir.,
09.08.2023,"Vali Dr. Osman Varol, Adıyaman Eğitim ve Araştırma Hastanesinde Yatan Hastaları Ziyaret Etti",,https://www.adiyaman.gov.tr/vali-dr-osman-varol-adiyaman-egitim-ve-arastirma-hastanesinde-yatan-hastalari-ziyaret-etti,Teknik olarak web sitemizde kullanılan çerez türleri aşağıdaki tabloda gösterilmektedir.,"Sorunların yerinde tespiti ve çözümü için kurum ziyaretlerine devam eden Vali Dr. Osman Varol, ziyaretleri kapsamında Adıyaman Eğitim ve Araştırma Hastanesini ziyaret ederek, hastanenin vatandaşlara sunduğu sağlık hizmetleri başta olmak üzere yürütülen faaliyet ve çalışmaları hakkında brifing alarak, yatan hastaları ve hasta yakınlarını ziyaret etti.

Eğitim ve Araştırma Hastanesine gelişinde Vali Varol’u Vali Yardımcısı Harun Kazez, İl Sağlık Müdürü Dr. Erdoğan Öz, Başhekim Doç. Dr. Mehmet Şirik ve hastane yöneticileri karşıladı.

Karşılama sonrası toplantı salonuna geçen Vali Varol’a Adıyaman Eğitim ve Araştırma Hastanesi Başhekimi Doç. Dr. Mehmet Şirik tarafından yaşadığımız deprem afetinde yaralanan vatandaşlarımıza sunulan sağlık hizmetleri, acil sağlık hizmetleri, doktor ve personel sayısı, yoğun bakım ve ameliyathane sayısı ile hastane alt yapısı başta olmak üzere sağlık hizmetlerine ilişkin brifing aldı.

Vali Varol, deprem sürecinde yaşanılan mücadelenin ön saflarında yer alarak mesai mefhumu gözetmeden gösterdikleri özverili çalışmalarından dolayı hastane yönetimi ve doktorlar başta olmak üzere tüm sağlık çalışanlarını tebrik ederek, çalışmalarında başarılar diledi.

Brifing sonrası Vali Varol, polikliniklerde ve acil servis gözlem odalarında yatan hastaları ziyaret ederek doktorlardan hastaların sağlık durumları hakkında bilgiler alıp hastalara ve hasta yakınlarına geçmiş olsun dileklerini iletip, varsa ihtiyaç ve taleplerini dinledi.

Hastanenin çocuk polikliniğini de ziyaret ederek yatan çocuklarla sohbete edip yakın ilgi gösteren Vali Dr. Osman Varol, çocuklara oyuncak ve çeşitli hediyeler verdi."
05.08.2023,VALİ DR. OSMAN VAROL’DAN SAMSAT İLÇESİNE ZİYARET,,https://www.adiyaman.gov.tr/vali-dr-osman-varoldan-samsat-ilcesine-ziyaret,Teknik olarak web sitemizde kullanılan çerez türleri aşağıdaki tabloda gösterilmektedir.,
04.08.2023,Vali Varol'dan Küçük Sanayi Sitesi Esnafına Ziyaret,,https://www.adiyaman.gov.tr/vali-varoldan-kucuk-sanayi-sitesi-esnafina-ziyaret,Teknik olarak web sitemizde kullanılan çerez türleri aşağıdaki tabloda gösterilmektedir.,
25.07.2023,2023 Yılı 2. Dönem İl Koordinasyon Kurulu Toplantısı Vali Dr. Osman Varol Başkanlığında Gerçekleştirildi,,https://www.adiyaman.gov.tr/2023-yili-2-donem-il-koordinasyon-kurulu-toplantisi-vali-dr-osman-varol-baskanliginda-gerceklestirildi,Teknik olarak web sitemizde kullanılan çerez türleri aşağıdaki tabloda gösterilmektedir.,
23.07.2023,Vali Varol’dan Tut İlçesine Ziyaret,,https://www.adiyaman.gov.tr/vali-varoldan-tut-ilcesine-ziyaret,Teknik olarak web sitemizde kullanılan çerez türleri aşağıdaki tabloda gösterilmektedir.,
21.07.2023,VALİ DR. OSMAN VAROL GERGER’DE,,https://www.adiyaman.gov.tr/vali-dr-osman-varol-gergerde,Teknik olarak web sitemizde kullanılan çerez türleri aşağıdaki tabloda gösterilmektedir.,
11.07.2023,"VALİ VAROL, ADIYAMAN BASINI İLE BİR ARAYA GELDİ",,https://www.adiyaman.gov.tr/vali-varol-adiyaman-basini-ile-bir-araya-geldi,Teknik olarak web sitemizde kullanılan çerez türleri aşağıdaki tabloda gösterilmektedir.,
10.07.2023,Vali Varol’dan İl Özel İdaresine Ziyaret,,https://www.adiyaman.gov.tr/vali-varoldan-il-ozel-idaresine-ziyaret,Teknik olarak web sitemizde kullanılan çerez türleri aşağıdaki tabloda gösterilmektedir.,
09.07.2023,"ADIYAMAN VALİSİ DR. OSMAN VAROL, ÇELİKHAN İLÇESİNİ ZİYARET EDEREK VATANDAŞLARIN İHTİYAÇ VE TALEPLERİNİ DİNLEDİ",,https://www.adiyaman.gov.tr/adiyaman-valisi-dr-osman-varol-celikhan-ilcesini-ziyaret-ederek-vatandaslarin-ihtiyac-ve-taleplerini-dinledi,Teknik olarak web sitemizde kullanılan çerez türleri aşağıdaki tabloda gösterilmektedir.,
05.07.2023,VALİ DR. OSMAN VAROL’DAN SİNCİK VE KAHTA İLÇELERİNE ZİYARET,,https://www.adiyaman.gov.tr/vali-dr-osman-varoldan-sincik-ve-kahta-ilcelerine-ziyaret,Teknik olarak web sitemizde kullanılan çerez türleri aşağıdaki tabloda gösterilmektedir.,
04.07.2023,VALİ DR. OSMAN VAROL’DAN İL EMNİYET MÜDÜRLÜĞÜ’NE ZİYARET,,https://www.adiyaman.gov.tr/vali-dr-osman-varoldan-il-emniyet-mudurlugune-ziyaret,Teknik olarak web sitemizde kullanılan çerez türleri aşağıdaki tabloda gösterilmektedir.,
04.07.2023,VALİ DR. OSMAN VAROL SİNCAN ÇARŞI ESNAFINI ZİYARET ETTİ,,https://www.adiyaman.gov.tr/vali-dr-osman-varol-sincan-carsi-esnafini-ziyaret-etti,Teknik olarak web sitemizde kullanılan çerez türleri aşağıdaki tabloda gösterilmektedir.,
04.07.2023,AÇIK KAPI MİLLETİN KAPISI OLMAYI SÜRDÜRÜYOR,,https://www.adiyaman.gov.tr/acik-kapi-milletin-kapisi-olmayi-surduruyor,Teknik olarak web sitemizde kullanılan çerez türleri aşağıdaki tabloda gösterilmektedir.,
03.07.2023,"VALİ DR. OSMAN VAROL, İL JANDARMA KOMUTANLIĞI’NDA BRİFİNG ALDI",,https://www.adiyaman.gov.tr/vali-dr-osman-varol-il-jandarma-komutanliginda-brifing-aldi,Teknik olarak web sitemizde kullanılan çerez türleri aşağıdaki tabloda gösterilmektedir.,
03.07.2023,VALİ DR. OSMAN VAROL’DAN İL GENEL MECLİSİNE ZİYARET,,https://www.adiyaman.gov.tr/vali-dr-osman-varoldan-il-genel-meclisine-ziyaret,Teknik olarak web sitemizde kullanılan çerez türleri aşağıdaki tabloda gösterilmektedir.,
02.07.2023,"VALİ DR. OSMAN VAROL, DEPREMİN ETKİLEDİĞİ GÖLBAŞI VE BESNİ İLÇESİNDE",,https://www.adiyaman.gov.tr/vali-dr-osman-varol-depremin-etkiledigi-golbasi-ve-besni-ilcesinde,Teknik olarak web sitemizde kullanılan çerez türleri aşağıdaki tabloda gösterilmektedir.,"Cumhurbaşkanlığının 2023/312 sayılı Kararnamesi ile Ağrı Valiliği görevinden Adıyaman Valiliğine atanan Vali Dr. Osman Varol, kente atandığı günden bu yana hafta sonu demeden, mesai mefhumu gözetmeden çalışmalarını sürdürüyor.

Vali Varol, bugün depremin en çok etkilediği Gölbaşı ve Besni ilçelerini ziyaret ederek, konteyner kentlere yerleştirilen vatandaşlarla bir araya gelip ihtiyaç ve taleplerini dinledi.

Vali Dr. Osman Varol’a ilçe ziyaretlerinde, Vali Yardımcısı Muhammet Tugay ve İl Afet ve Acil Durum Müdürü Osman Ertuğrul Altuğ eşlik etti.

İlk olarak Gölbaşı ilçesini ziyaret eden Vali Dr. Osman Varol’u ilçe kaymakamı Tarık Buğra Seyhan karşıladı. İlçenin hasar tespit durumu, enkaz kaldırma çalışmaları ve ilçenin genel yapısı ile ihtiyaç ve sorunlar hakkında bilgi alan Vali Varol, daha sonra konteyner kentleri ziyaret etti.

Konteyner kentleri gezerek vatandaşların ihtiyaç ve taleplerini dinleyen Vali Varol, konteyner kentlerdeki su ihtiyacı başta olmak üzere vatandaşın dile getirdiği diğer talepleri de tek tek not alıp bu sorunların aciliyet sırasına göre çözüme kavuşturulması için yetkililere talimat verdi.

Ziyarette istikbalimizin teminatı çocuklara da özel ilgi gösteren Vali Dr. Osman Varol, çocuklarla sohbet edip çeşitli hediyeler verdi.

Daha sonra Besni ilçesine geçen Vali Dr. Osman Varol, Kaymakam Çağlar Partal’dan ilçenin genel yapısı ve depremde görmüş olduğu hasara ilişkin bilgi aldı. Besni ilçesinde kurulan konteyner kentlerin durumunu yerinde inceleyen Vali Dr. Osman Varol, devletimizin bizlere sağlamış olduğu bütün kaynak ve imkanlarla vatandaşlarımızın yaralarını sarmak için yoğun gayret sarf edildiğini açıkladı.

Bugün Gölbaşı ve Besni ilçelerini ziyaret edip her iki ilçede de kurulan konteyner kentleri gezerek vatandaşların ihtiyaç ve taleplerini dinlediklerini belirten Vali Dr. Osman Varol “6 Şubat’ta Kahramanmaraş merkezli meydana gelen deprem bilindiği gibi asrın felaketi olarak nitelendirdiğimiz bir depremdi, çok büyük bir afetti. Böyle büyük bir afetin yaralarını sarmak için yoğun çaba sarf ediyoruz. Daha önce ifade ettiğimiz gibi bu tarih ve medeniyet kokan şehrimizi yeniden ayağa kaldırana kadar mesai mefhumu gözetmeden, hafta sonu tatili demeden canla başla çalışacağız. Bütün gayemiz, bütün amacımız 7/24 çalışarak depremin yaralarını bir an önce sarmak, vatandaşlarımızın acılarını ve sıkıntılarını bir an önce dindirmektir. İnşallah kısa süre içerisinde bütün ilçelerimizdeki konteyner kentlerimizi ve geçici barınma alanlarımızı ziyaret ederek vatandaşlarımızın ihtiyaç ve taleplerini dinleyeceğiz ve yapılması gereken çalışmaları da hızlandırmış olacağız. Şimdiye kadar kısa vadede yapılan çalışmaları başarılı ve yerinde görüyorum. Konteyner kentlerimize bir takım dokunuşlar gerekiyor bu dokunuşları da çalışma arkadaşlarımla birlikte zaman içerisinde gerçekleştireceğiz. Tüm gayemiz vatandaşlarımızın yaralarının bir an önce sarılmasıdır. Bir taraftan kalıcı konutların inşaatı devam ederken, diğer taraftan vatandaşlarımızın geçici olarak konaklanacak konteyner kentlerimizi de en rahat şekilde zamanlarını geçirmelerini sağlamaktır. Vatandaşlarımız şundan emin olsun devletimizin şefkat eli ve desteği her zaman yanlarında olacaktır. Devlet ve millet dayanışmasıyla bu süreci hep birlikte atlatacağız inşallah ’dedi.

Sorun ve taleplerini rahatlıkla dile getirme fırsatı bulan depremzede vatandaşlarımız ise, Vali Dr. Osman Varol’a ilgi ve alakalarından dolayı teşekkür ettiler."
30.06.2023,ADIYAMAN VALİSİ DR. OSMAN VAROL’DAN İL MERKEZİNDEKİ KONTEYNER KENTLERE ZİYARET,,https://www.adiyaman.gov.tr/adiyaman-valisi-dr-osman-varoldan-il-merkezindeki-konteyner-kentlere-ziyaret,Teknik olarak web sitemizde kullanılan çerez türleri aşağıdaki tabloda gösterilmektedir.,
28.06.2023,ADIYAMAN VALİSİ DR. OSMAN VAROL’DAN ESNAF ZİYARETİ,,https://www.adiyaman.gov.tr/adiyaman-valisi-dr-osman-varoldan-esnaf-ziyareti,Teknik olarak web sitemizde kullanılan çerez türleri aşağıdaki tabloda gösterilmektedir.,
28.06.2023,ADIYAMAN VALİSİ DR. OSMAN VAROL’UN KURBAN BAYRAMI MESAJI,,https://www.adiyaman.gov.tr/adiyaman-valisi-dr-osman-varolun-kurban-bayrami-mesaji,Teknik olarak web sitemizde kullanılan çerez türleri aşağıdaki tabloda gösterilmektedir.,
19.06.2023,BASIN AÇIKLAMASI 2023/5,,https://www.adiyaman.gov.tr/basin-aciklamasi-20235,Teknik olarak web sitemizde kullanılan çerez türleri aşağıdaki tabloda gösterilmektedir.,"6 Şubat 2023 tarihinde meydana gelen Kahramanmaraş merkezli depremler dolayısıyla ilimiz merkezde ağır hasarlı binaların yıkım ve hurdasının ayrıştırılması bugüne kadar yerinde yapılmaktaydı.

Bu bağlamda, vatandaşlarımızın talebiyle Valiliğimizce bugünden itibaren ağır hasarlı binaların enkazının kaldırma ve ayrıştırma işlemleri yerinde yapılmayıp, belirtilen döküm sahalarına boşaltıldıktan sonra yapılacaktır."
16.06.2023,"​ “YÜKSEKÖĞRETİM KURUMLARI SINAVI (YKS)"" MESAJI",,https://www.adiyaman.gov.tr/-yuksekogretim-kurumlari-sinavi-yks-mesaji,Teknik olarak web sitemizde kullanılan çerez türleri aşağıdaki tabloda gösterilmektedir.,"Ülkemizin geleceği olan sevgili gençlerimizin üniversite hayallerini belirleyecek olan Yükseköğretim Kurumları Sınavı (YKS)  bu yıl 17-18 Haziran tarihlerinde (Cumartesi ve Pazar) günü iki oturum şeklinde gerçekleştirilecektir.

Gençlerimizin istikballerinin şekillenmesinde önemli bir yer tutan Yükseköğretim Kurumlarına Geçiş Sınavı, yavrularımızın uzun yıllardır azim ve gayretle sürdürdükleri eğitimlerinin sonunda mükafatlarını alacakları önemli bir aşamadır. Sınava girecek öğrencilerimizin kaygı ve heyecandan uzak durmaları, elde edecekleri başarıya olumlu katkılar sağlayacaktır.

Öğrencilerimizi ve ailelerini yakından ilgilendiren YKS Sınavının ilimizde sağlıklı ve huzurlu bir ortamda geçmesi ve sınava girecek öğrencilerimizin motivasyonlarını olumsuz yönde etkileyecek bütün olumsuzlukları ortadan kaldırmak amacıyla Adıyaman Valiliği olarak ilgili kurumlarımız tarafından gerekli tüm tedbirler alınmıştır.

Vatandaşlarımızdan da 17 Haziran Cumartesi ve 18 Haziran Pazar günü belirtilen sınav saatleri arasında sınavların yapılacağı tüm yerleşim birimlerinde gürültü oluşturabilecek durumlardan kaçınarak, siren veya korna çalmamaları, inşaat çalışmalarının durdurulması hususunda azami hassasiyet sergilemelerini rica ediyoruz. Öğrencilerimizin başarılarını olumlu yönde etkileyecek olan bu tedbirlere bütün halkımızın eksiksiz olarak uyacaklarına inanıyoruz.

Bu duygularla gençlerimizi yetiştiren, onlara emek ve destek veren öğretmenlerimize ve ailelerine teşekkür ediyor, YKS sınavının öğrencilerimize, ailelerine, eğitim camiamıza ve ülkemize hayırlar getirmesini temenni ediyor, eğitim hayatları için önemli bir aşama olan YKS sınavında tüm öğrencilerimize başarılar diliyoruz."
19.05.2023,"'19 Mayıs Atatürk'ü Anma, Gençlik ve Spor Bayramı' Mesajı",,https://www.adiyaman.gov.tr/19-mayis-ataturku-anma-genclik-ve-spor-bayrami,Teknik olarak web sitemizde kullanılan çerez türleri aşağıdaki tabloda gösterilmektedir.,
20.04.2023,ADIYAMAN VALİLİĞİ “RAMAZAN BAYRAMI” MESAJI,,https://www.adiyaman.gov.tr/adiyaman-valiligi-ramazan-bayrami-mesaji,Teknik olarak web sitemizde kullanılan çerez türleri aşağıdaki tabloda gösterilmektedir.,"Derin bir manevi iklimi idrak ettiğimiz Ramazan ayını geride bırakırken yeni umutların güç bulacağı mübarek Ramazan Bayramı’na erişmenin mutluluğunu yaşamaktayız.

Bu vesileyle, Adıyamanlı kardeşlerimizin, milletimizin ve tüm İslam aleminin mübarek Ramazan Bayramı’nı en kalbi duygularımızla tebrik ediyoruz.

Değerli Adıyamanlı hemşerilerimiz;

Bir milleti kaynaştıran en önemli unsurların başında gelen ve toplumsal yaşamda önemli yeri bulunan Bayramlar, birlik ve beraberlik duygularının yoğunlaştığı, sevinç, neşe ve coşkunun buluştuğu, iyilik ve güzelliklerin harmanlandığı, insanlar arasındaki karşılıklı sevgi ve saygının perçinleştiği, insanların kardeşçe kucaklaştıkları çok özel günlerdir.

Ancak bu Ramazan Bayramı’nı asrın felaketi olarak nitelendirilen ve ilimizi de derinden etkileyen depremin gölgesinde gerçekleştirmenin ve yitirdiğimiz birçok canlarımızla bayramlaşıp kucaklaşamamanın acısıyla buruk bir şekilde idrak ediyoruz.

Adıyamanlı hemşerilerimiz şundan emin olmalıdır ki, bu kadim şehri tekrar ayağa kaldırmak için kamu kurum ve kuruluşlarımız, STK’larımız, bu kentin tüm dinamikleri ve mesai arkadaşlarımızla birlik gece gündüz demeden yoğun bir gayret gösteriyoruz.

Bu düşüncelerle bu zorlu günlerin bir an önce bitmesi ve daha güzel bayramlarda buluşmak temennisiyle bütün Adıyamanlı hemşerilerimin, aziz milletimizin ve tüm İslam aleminin mübarek Ramazan Bayramı’nı en içten duygularımızla kutlarken, aziz şehitlerimizi ve bu büyük felakette hayatını kaybeden vatandaşlarımızı rahmetle, kahraman gazilerimizi de şükranla anıyor, sevgi ve saygılarımızı sunuyoruz."
10.04.2023,Şan ve Şerefle Dolu 178 Yıl,,https://www.adiyaman.gov.tr/san-ve-serefle-dolu-178-yil,Teknik olarak web sitemizde kullanılan çerez türleri aşağıdaki tabloda gösterilmektedir.,
18.03.2023,Çanakkale Şehitleri İçin Mevlid-i Şerif Okutuldu,,https://www.adiyaman.gov.tr/canakkale-sehitlerii-icin-mevlid-i-serif-okutuldu,Teknik olarak web sitemizde kullanılan çerez türleri aşağıdaki tabloda gösterilmektedir.,
05.02.2023,İL GENELİNDE EĞİTİME BİR GÜN ARA VERİLMİŞTİR,,https://www.adiyaman.gov.tr/il-genelinde-egitime-bir-gun-ara-verilmistir-2023,Teknik olarak web sitemizde kullanılan çerez türleri aşağıdaki tabloda gösterilmektedir.,"İlimiz genelinde yoğun kar yağışının devam edeceği değerlendirildiğinden yollarda oluşabilecek buzlanma ve ulaşımda yaşanabilecek olumsuzluklar göz önünde bulundurularak ilimiz genelinde ilk ve orta dereceli okullarda 6 Şubat Pazartesi günü 1 gün ara verilmiştir.

Ayrıca, kamuda çalışan engelli ve hamile kamu personelleri de aynı gün idari izinli sayılacaktır."
31.01.2023,"Vali Mahmut Çuhadar, Kırsalın Sorunlarını Yerinde Dinliyor",,https://www.adiyaman.gov.tr/vali-mahmut-cuhadar-kirsalin-sorunlarini-yerinde-dinliyor,Teknik olarak web sitemizde kullanılan çerez türleri aşağıdaki tabloda gösterilmektedir.,"Adıyaman Valisi Mahmut Çuhadar, kırsal kesimde yaşayan vatandaşlarla hasbihal etmek ve köylülerin karşılaştığı sorun ve ihtiyaçların tespiti amacıyla her hafta düzenli olarak gerçekleştirdiği köy ziyaretlerine merkeze bağlı Karagöl, Ağveren, Başpınar ve Bağdere köyleriyle devam etti.

Kırsal kesimin genel durumu ile ihtiyaç ve sorunları yerinde tespit etmek amacıyla Adıyaman’ın bütün köylerine ziyaretler gerçekleştiren Vali Mahmut Çuhadar, kendisini sıcak bir atmosferde karşılayan vatandaşlarla köyün ihtiyaç ve taleplerini istişare etti.

Köy gezilerinde Vali Mahmut Çuhadar’a Vali Yardımcısı Mehmet Yasin Erkan eşlik etti.

Ziyaret ettiği köylerde sıcak bir şekilde karşılanan Vali Mahmut Çuhadar, köy muhtarları ve vatandaşlardan köyün genel durumu, ihtiyaç ve talepler hakkında bilgiler alarak iletilen sorunları not alıp bu talepleri aciliyet sırasına göre çözeceklerini belirtti.

Halk Eğitim Merkezinin destek ve öncülüğünde Bağdere Köyünde kadınlara yönelik açılan Halk Eğitim Kursunu da ziyaret eden Vali Mahmut Çuhadar, burada yürütülen faaliyetler hakkında bilgi alarak kursiyerlerin el emeği göz nuru eserlerini inceleyip yaptıkları ürünler hakkında bilgi aldı.

Sohbet havasında geçen ziyaretlerde devletin imkânlarını ve kaynaklarını ilimizin her köşesinde hizmet olarak vatandaşlarımıza hissettirmeye çalıştıklarını ifade eden Vali Mahmut Çuhadar, “Bizler köylerimizi daha yaşanılır hale getirmenin çabası ve gayreti içindeyiz. İhtiyaç ve talepleri yerinde tespit etmek amacıyla köylerimizi seri bir şekilde geziyoruz, gezdiğimiz yerlerde artık köylerimizin ana problemlerinin çözüldüğünü görüyoruz. Tabi ihtiyaçlar bitmiyor. Talepler ve dönemin getirdiği yeni ihtiyaçlar da ortaya çıkıyor. Bu ihtiyaçları da İl Özel İdaresi ve Merkez Köylere Hizmet Götürme Birliğinin yatırım programına alarak gidermeye çalışıyoruz.  Yine devletimizin bizlere sağladığı kaynaklarla köylerimizi ekonomik ve sosyal anlamda desteklemek ve istihdama katkı sağlamak amacıyla ekonomik getirisi yüksek tarım ürünlerinden meyveciliği geliştirme projelerimizle köylerimize katkı sağlamaya devam ediyoruz. Gönlümüz her zaman vatandaşlarımızdan yanadır. Adıyaman, birlik ve beraberliğin, kardeşliğin ve huzurun, hoşgörü ile yoğrulduğu kadim bir şehrimiz. İlimiz genelinde huzur, güven ve istikrar ortamının daha da güçlendirilmesi, kırsalda yaşayan vatandaşlarımızın yaşam standartlarını ve refah düzeylerini yükseltmek için şimdiye kadar olduğu gibi bundan sonra da birlik ve beraberlik içerisinde vatandaşlarımızın ihtiyaç duyduğu kamu yatırım ve hizmetlerini en hızlı şekilde yerine getirmenin gayreti içerisinde olacağız İnşallah bu ziyaretlerimiz hız kesmeden devam edecek”dedi."
28.01.2023,ÇAT BARAJI TÜNELİ’NDE SONA DOĞRU,,https://www.adiyaman.gov.tr/cat-baraji-tunelinde-sona-dogru,Teknik olarak web sitemizde kullanılan çerez türleri aşağıdaki tabloda gösterilmektedir.,"Çelikhan ve Bulam ovalarında 1280 hektarlık araziyi cazibeyle sulayacak olan Çat Barajı Sulama Tüneli inşaatında sona yaklaşıldı.

Vali Mahmut Çuhadar beraberinde TBMM Milli Savunma Komisyonu Başkanı ve Adıyaman Milletvekili Ahmet Aydın, Adıyaman Belediye Başkanı Süleyman Kılınç, Çelikhan Kaymakamı Abdullah Arslantürk, AK Parti İl Başkanı Mehmet Dağtekin ve Çelikhan Belediye Başkanı Mustafa Bulut’la birlikte Çelikhan ve Bulam ovalarının bereketli topraklarına can suyu olacak Çat Barajı sulama tüneli inşaatını gezerek devam eden çalışmaları yerinde inceledi.

1280 hektarlık araziyi suyun bereketine kavuşturacak olan 900 metrelik tünel çalışmalarının son 44 metresi kalarak tünelin bir ay içerisinde hizmete sunulması öngörülüyor.

Çelikhan ve Bulam Ovalarına can suyu olacak tünelin bir ay içerisinde bitirilerek hizmete sunulacağını belirten TBMM Milli Savunma Komisyonu Başkanı ve Adıyaman Milletvekili Ahmet Aydın, “Bu proje Çelikhan ilçemiz için büyük önem arz ediyor. Yaklaşık 900 metre uzunluğunda olan büyük bir tünel. Tünelde sona yaklaştık. Tünelin bitimine yaklaşık 44 metre kaldı.  Bu tünelin bitmesi ile birlikte Çat Barajından Çelikhan ve Bulam Ovalarında 1280 hektarlık arazi cazibeyle sulamaya kavuşmuş olacak. Bu proje aynı zamanda Adıyaman’ın da saniyede 350 litrelik içme suyu ihtiyacını karşılayacak. Bu projenin ilimize kazandırılmasında Sayın Cumhurbaşkanımız başta olmak üzere Tarım ve Orman Bakanımıza, DSİ Genel Müdürlüğümüze, Sayın Valimize ve emeği geçen herkese çok teşekkür ediyorum”dedi.

Çat Barajı tünelinin hizmete sunulmasıyla Çelikhan ilçemizin sosyo ekonomik yapısına ciddi katkılar sağlayarak 1280 hektar araziyi suyun bereketine kavuşturacağını kaydeden Vali Mahmut Çuhadar, “Bu proje Çelikhan ve Bulam ovalarında çiftçilerimizin mahsulünü bereketlendireceği gibi Adıyaman’ında saniyede 350 litre içme suyu ihtiyacını karşılayacak büyük bir projedir. Tünelin bitmesi için son 44 metrelik bir kazı çalışması kaldı. Çelikhan ovasının suya kavuşması vatandaşlarımızı müreffeh bir Çelikhan’a kavuşturacaktır.   Bu önemli projeyi bir ay içerisinde bitirmeyi öngörüyoruz. Bu proje aynı zamanda kırsal alanda verimlilik ve istihdam imkânları yaratarak Çelikhan ilçemizde ekonomik ve sosyal kalkınmanın ivmesini artıracaktır. Bu projeyi ilçemize kazandıran Sayın Cumhurbaşkanımız başta olmak üzere, Sayın Tarım ve Orman Bakanımıza, Sayın Milletvekillerimize, DSİ Genel Müdürlüğümüze ve emeği geçen herkese çok teşekkür ediyor, Çelikhan ilçemize hayırlı olmasını diliyorum”dedi.

Çat Barajı Sulama Tünelinin Çelikhan ilçemiz için çok önemli bir proje olduğunu belirten Belediye Başkanı Süleyman Kılınç ise, “Bu proje Çelikhan ilçemizin bereketli topraklarına can suyu olacağı gibi Adıyaman şehir merkezinin içme suyuna çok ciddi bir katkısı olacak. Özellikle bu kuraklık döneminde bu proje ayrı bir anlam ifade ediyor ve hayati bir önem taşıyor. Emeği geçen herkese çok teşekkür ediyorum”dedi.

Çat Barajının Çelikhan ilçesi için hayati bir öneme sahip olduğunu belirten AK Parti İl Başkanı Mehmet Dağtekin ise “Tünel çalışmalarında sona gelindi. Bu güzel projeden dolayı Sayın Cumhurbaşkanımıza ve emeği geçen herkese şükranlarımızı sunuyoruz. Adıyaman’ın neresine gidersek şantiyeye dönüşmüş durumda. Bu önemli projenin Çelikhan ilçemize hayırlı olmasını diliyorum”dedi."
25.01.2023,2023 Yılı Birinci İl İstihdam Toplantısı Vali Mahmut Çuhadar Başkanlığında Yapıldı,,https://www.adiyaman.gov.tr/2023-yili-birinci-il-istihdam-toplantisi-vali-mahmut-cuhadar-baskanliginda-yapildi,Teknik olarak web sitemizde kullanılan çerez türleri aşağıdaki tabloda gösterilmektedir.,"Adıyaman’da işgücünün istihdam edilebilirliğini artırmaya yönelik olarak aktif işgücü programlarını uygulamak amacıyla üç ayda bir olağan olarak toplanan İl İstihdam ve Mesleki Eğitim Kurulu, 2023 yılının birinci toplantısı Vali Mahmut Çuhadar Başkanlığında yapıldı.

Vali Mahmut Çuhadar Başkanlığında Valilik Toplantı Salonunda düzenlenen toplantıya, Belediye Başkan Yardımcısı Ramazan Oruç, Çalışma ve İşkurumu İl Müdürü Mehmet Emin Yücekaya, ATSO Başkanı İrfan Torunoğlu ve diğer yetkililer katıldı.

Toplantıda Çalışma ve iş Kurumu İl Müdürü Mehmet Emin Yücekaya tarafından kurumun 2022 yılında yaptığı çalışmaları içeren bir sunum yapılarak, 2023 yılı için hazırlanan eğitim planı ile istihdamın korunması ve artırılmasına yönelik uygulanacak çalışmalar hakkında kurul üyelerini bilgilendirildi.

Toplantıda konuşan Vali Mahmut Çuhadar, “2022 yılında toplam 589 Mesleki Eğitim kursu, İşbaşı Eğitim Programı ve Toplum Yararına Programın açıldığını ve bu programlara 2.898’i kadın ve 3.063’ü erkek olmak üzere toplam 5.961 kişi katıldığını belirterek “Bu kurs ve programlar sonucunda 1,389’u kadın ve 1.492’si erkek olmak üzere toplam 2.881 kişi istihdam edilmiştir. Engellilerin kendi işini kurmasına yönelik destek hususunda sunmuş oldukları projeler Kurulca kabul edilmiştir. İşgücü piyasasının nitelikli eleman ihtiyacını karşılamaya yardımcı olmak ve Meslek liselerimizi daha fonksiyonel hale getirmek amacıyla, İlimiz merkez ve ilçelerindeki Meslek Liselerinde yeni meslek dalları açılmıştır. İşlevini yitiren bölümlerin kapanışı gerçekleştirilmiştir. 2022 yılı içerisinde aktif İşgücü hizmetleri ve Toplum Yararına Programlar kapsamında yapılan toplam ödeme tutarı: 132 Milyon 740 Bin TL olup, işsizlik sigortası kapsamında yapılan 42 Milyon 368 Bin Türk lirası ödeme ile birlikte işsiz vatandaşlarımıza toplam 175 milyon 108 bin lira ödeme yapılmıştır. İl İstihdam ve Mesleki Eğitim Kurulu kararları doğrultusunda 2023 yılında da işgücü ihtiyacının giderilmesine ve istihdamın arttırılmasına yönelik mesleki eğitim faaliyetlerine devam edilecektir”dedi."
25.01.2023,"Vali Mahmut Çuhadar’dan Terman, İpekli ve Kızılcapınar Köylerine Ziyaret",,https://www.adiyaman.gov.tr/vali-mahmut-cuhadardan-terman-ipekli-ve-kizilcapinar-koylerine-ziyaret,Teknik olarak web sitemizde kullanılan çerez türleri aşağıdaki tabloda gösterilmektedir.,"Adıyaman Valisi Mahmut Çuhadar, kırsal kesimin ihtiyaç ve taleplerini yerinde tespit etmek amacıyla her hafta düzenli olarak gerçekleştirdiği köy ziyaretlerine Terman, İpekli ve Kızılcapınar köyleriyle devam etti.

Köy ziyaretlerinde Vali Mahmut Çuhadar’a Vali Yardımcısı Mehmet Yasin Erkan ve Tarım ve Orman İl Müdürü Nurettin Kıyas eşlik etti.

Ziyaret ettiği köylerde vatandaşlar tarafından büyük bir ilgiyle karşılanan Vali Mahmut Çuhadar, vatandaşlarla tek tek tokalaşarak köy muhtarları ve vatandaşlarla sohbet edip, taleplerini dinledi, ihtiyaç ve sorunlar hakkında karşılıklı görüş alışverişinde bulundu.

Ziyaretlerine Terman köyü ile başlayarak vatandaşlardan ve köy muhtarından köyün ihtiyaç ve talepleri hakkında bilgi alan Vali Mahmut Çuhadar, köylülerin ilettiği talepleri not alarak, öncelik arz eden talepleri imkanlar çerçevesinde yerine getireceklerini söyledi.

Daha sonra İpekli Köyüne geçen Vali Mahmut Çuhadar, köy sakinleri ile bir süre sohbet ederek, ihtiyaç ve taleplerini dinledi.

Ardından Kızılcapınar köyünü ziyaret eden Vali Mahmut Çuhadar, köyün genel durumu ve sorunları hakkında muhtardan bilgi alarak vatandaşlarla hasbihal etti.

Köy gezileriyle amaçlarının yapılan hizmetleri yerinde görerek vatandaşların ihtiyaç ve taleplerini dinlemek olduğunu belirten Vali Mahmut Çuhadar, “Kırsal kesimin sıkıntılarını çözmek için gece-gündüz demeden, mesai kavramı gözetmeden çalışıyoruz. Bugün Terman, İpekli ve Kızılcapınar köylerimizi ziyaret ederek muhtarlarımızın ve vatandaşlarımızın taleplerini dinledik. Yapılması elzem olan konularda hızlı hareket edeceğiz. Şimdiye kadar olduğu gibi bundan sonra da köylerimize ziyaretler gerçekleştirerek birlik ve beraberlik içerisinde köylerimize en güzel hizmetleri götürmenin gayretinde olacağız”dedi."
23.01.2023,2023 Yılı 1. İl Koordinasyon Kurulu Toplantısı Vali Mahmut Çuhadar Başkanlığında Gerçekleştirildi,,https://www.adiyaman.gov.tr/2023-yili-1-il-koordinasyon-kurulu-toplantisi-vali-mahmut-cuhadar-baskanliginda-gerceklestirildi,Teknik olarak web sitemizde kullanılan çerez türleri aşağıdaki tabloda gösterilmektedir.,"Kamu kurum ve kuruluşlarınca 2022 yılında gerçekleştirilen yatırım ve faaliyetlerin değerlendirildiği 2023 yılı birinci İl Koordinasyon Kurulu Toplantısı Vali Mahmut Çuhadar başkanlığında gerçekleştirildi.

Valilik konferans salonunda gerçekleşen toplantıya TBMM Milli Savunma Komisyonu Başkanı ve Adıyaman Milletvekili Ahmet Aydın, Belediye Başkanı Süleyman Kılınç, İlçe Kaymakamları, İlçe ve Belde Belediye Başkanları, Yatırımcı Bölge Müdürleri, ildeki kamu kurum ve kuruluşların amirleri ile STK başkanları katıldı.

Yatırımların ve sosyo-ekonomik gelişmelerin izlenmesi, koordinasyonu, yerel ve bölgesel kalkınma bakımından değerlendirmelerin yapıldığı toplantıda; Adıyaman’da 2022 yılında gerçekleştirilen yatırımlar hakkında genel bir değerlendirme yapan Vali Mahmut Çuhadar” 2022 yılında ilimizde merkezi ve yerel yönetim olarak 30 kamu kurum ve kuruluşunca 400 proje uygulanmıştır. Bu projelerin toplam tutarı 34.9 milyar lira’dır. 2022 yılı programı yaklaşık 7.15 milyar lira olup, 2022 yılı sonunda 5.51 milyar lira harcama yapılmış ve  % 77,06’lık nakdi gerçekleşme sağlanmıştır”dedi.

Yatırımcı kuruluşların 2021 yılı programlarında küçüklü büyüklü 317 adet işin yer aldığını kaydeden Vali Mahmut Çuhadar, “Proje bedeli 33.5 milyar lira olan bu işler için önceki yıllarda 4.7 milyar lira harcanmış, 2022 yılında ise 5,77 milyar lira ödenek kullandırılması öngörülmüş olup, bu ödeneğin 5,1 milyar lirası harcanmıştır. Bu harcamayla ulaşılan nakdi gerçekleşme düzeyi %88,55’tir. Yine Belediyelerimizin programlarında yer alan 83 adet işin proje bedeli 1,44 milyar liradır. Bu işler için yaklaşık 1,4 milyar lira ödenek kullandırılması öngörülmüş ve 393 milyon lira harcama yapılarak %28,66’lık nakdi gerçekleşme sağlanmıştır. Yapılan çalışmalar sonucunda toplam 400 adet projenin 155 tanesi bitirilmiş, 117 proje devam etmekte, 117 proje ihale ve sözleşme aşamasında olup 11 proje tasfiye edilmiştir. 2022 yılı yatırımlarının değerlendirildiği toplantımızın ve çalışmalarımızın ilimizin, ülkemizin yatırımlarına, ekonomisine, refahına katkı sağlamasını, 2023 yılının da yatırımlarımız açısından verimli bir yıl olarak geçmesini diliyorum”dedi.

Vali Mahmut Çuhadar Başkanlığındaki gerçekleştirilen İl Koordinasyon Kurulu Toplantısı, yatırımcı kurum ve kuruluşların bölge müdürleri ve temsilcileri tarafından devam eden projelerle ilgili karşılıklı fikir alışverişinde bulunulmasının ardından sona erdi."
20.01.2023,Bağımlılıkla Mücadele Toplantısı Yapıldı 2023,,https://www.adiyaman.gov.tr/bagimlilikla-mucadele-toplantisi-yapildi-2023,Teknik olarak web sitemizde kullanılan çerez türleri aşağıdaki tabloda gösterilmektedir.,"Uyuşturucu ve madde bağımlılığı ile mücadelenin etkin bir şekilde yapılması ve kurumlar arası iş birliği ve koordinasyonun sağlıklı bir şekilde sağlanması amacıyla Bağımlıkla Mücadele İl Koordinasyon Kurulu Toplantısı Vali Mahmut Çuhadar başkanlığında gerçekleştirildi.

Valilik toplantı salonunda düzenlenen toplantıya Vali Yardımcıları İhsan Maskar, Mehmet Yasin Erkan, kamu kurum ve kuruluşlarının yetkilileri, sivil toplum kuruluşlarının temsilcileri ve kurul üyeleri katıldı.

İl Sağlık Müdürlüğü’nün sekretaryasını yaptığı toplantıda, toplumumuzu ve özellikle gençlerimizi derinden etkileyen uyuşturucu ve uyuşturucu madde bağımlılığı mücadele konusunda 2022 yılında yürütülen faaliyetler değerlendirilerek, bundan sonraki dönemde koruyucu ve önleyici tedbirler ile 2023 yılında yapılması gereken çalışmalar hakkında sunum eşliğinde bilgiler verildi.

Bağımlılıkla mücadelede aile, toplum ve çevrenin desteğinin çok önemli olduğunu vurgulayan Vali Mahmut Çuhadar, “Bağımlılıkla mücadelede özellikle gençlerimizin zararlı ve kötü alışkanlıklardan uzak tutulması için yerelde sivil toplum kuruluşları, vatandaşımız ve tüm kamu kurumlarımızla birlikte, topyekûn seferberlik anlayışıyla mücadelemizi sürdürüyoruz. Özellikle Valiliğimiz himayesinde hayata geçirdiğimiz BEYEN projesi kapsamında birçok gencimizi sosyal ve kültürel faaliyetlerle bu illetten uzak tuttuk. Çocuklarımızın ve gençlerimizin zararlı alışkanlıklardan, bağımlılık yapıcı maddelerden korunması amacıyla uyuşturucu kullanımını tamamıyla bitirene kadar mücadelemizi büyük bir azim ve kararlılıkla sürdüreceğiz”

Toplantı, Bağımlılıkla Mücadele İl Koordinasyon Kurulu üyelerinin görüş ve önerilerinin alınması ile sona erdi."
20.01.2023,Adıyaman’da 169 Bin Öğrenci için Yarıyıl Tatili Başladı,,https://www.adiyaman.gov.tr/adiyamanda-169-bin-ogrenci-icin-yariyil-tatili-basladi,Teknik olarak web sitemizde kullanılan çerez türleri aşağıdaki tabloda gösterilmektedir.,"2022-2023 eğitim ve öğretim yılı ilk dönemi Adıyaman’da 169 bin öğrencinin karnelerini almasıyla sona erdi.

İlk dönemin bitmesiyle karnelerini alan öğrenciler tatilin başlamasıyla büyük sevinç yaşadı. Karnelerini alan öğrencilerin heyecanlı oldukları görülürken, veliler de çocuklarının heyecanını paylaştı.

Sömestr tatili nedeniyle Adıyaman merkez Şehit Mehmet Kılınç İlkokulunda karne dağıtım töreni düzenlendi.

Karne dağıtım törenine Adıyaman Valisi Mahmut Çuhadar, İl Milli Eğitim Müdürü Ramazan Aşçı, öğretmen, öğrenci velileri ve öğrenciler katıldı.

Karne dağıtım törenine katılmak üzere Şehit Mehmet Kılınç İlkokuluna gelen Vali Mahmut Çuhadar, öğrenciler tarafından çiçeklerle karşılandı.

Adıyaman il genelinde 83 bin 580 erkek ve 85 bin 551 kız öğrencimiz olmak üzere toplam 169 bin 131 öğrencinin karne alacağını belirten Vali Mahmut Çuhadar, “Öncelikle bu eğitim dönemi boyunca öğrencilerimize emek veren bütün öğretmenlerimizi ve öğrenci velilerimizi tebrik ediyorum. Öğrencilerimize bu 15 günlük süre zarfında iyice dinlenmelerini ve bol bol kitap okumaları için de zaman oluşturmalarını tavsiye ediyorum.  Velilerimizden de istirhamım çocuklarını başka çocuklarla kıyaslamamalarıdır. Çünkü kırık notlar her zaman düzeltilebilir önemli olan aynı heyecanla ve aynı inançla çalışmaya devam etmektir. Bu şekilde çalıştıktan sonra aşılamayacak hiçbir engel yoktur. Öğrencilerimizin bu 15 günlük süre zarfında iyi dinlenerek moral ve motivasyonlarını kaybetmemelerini ve tatilini verimli bir şekilde geçirmelerini diliyorum. Bütün öğrencilerimizin gözlerinden öpüyor, kendilerine başarılar diliyorum”dedi.

Vali Mahmut Çuhadar, daha sonra sınıfları gezerek öğrencilere karnelerini dağıttı."
19.01.2023,AÇIK KAPI “MİLLETİN KAPISI” Projesi ile 2022 Yılında Adıyaman’da 6515 Vatandaş Başvurusu Sonuçlandırıldı,,https://www.adiyaman.gov.tr/acik-kapi-milletin-kapisi-projesi-ile-2022-yilinda-adiyamanda-6515-vatandasin-basvurusu-sonuclandirildi,Teknik olarak web sitemizde kullanılan çerez türleri aşağıdaki tabloda gösterilmektedir.,"Vatandaşla en üst düzeyde iletişimin kurularak, taleplerinin etkin ve hızlı bir şekilde alınıp takip edilmesi ve sonuçlandırılması amacıyla İçişleri Bakanlığı tarafından 81 ilde ve ilimizde de hayata geçirilen “Açık Kapı” Projesi ile Adıyaman’da 6515 vatandaş başvurusu sonuçlandırıldı.

Vatandaşların bütün dert, istek, dilek ve şikâyetlerini alan ve bu talepleri seri bir şekilde ilgili kurumlara aktararak çalışmalarını sürdüren Açık Kapı Şube Müdürlüğü ocak ayı izleme ve değerlendirme toplantısı Vali Yardımcısı Mehmet Yasin Erkan Başkanlığında gerçekleştirildi.

Toplantıya Açık Kapı Şube Müdürü Sedat Bakan ve il ve ilçelerdeki kamu kurum ve kuruluşlarının temsilcileri katıldı.

Valilik bünyesinde hizmet veren Açık Kapı Şube Müdürlüğünce vatandaşların her konudaki talep, şikâyet, istek ve önerileri görevli personel tarafından alınıp ilgili kurumlara iletiliyor ve kısa sürede başvuru sonuçlandırılarak başvuru sahibine SMS yoluyla bilgilendirme yapılıyor.

Gerçekleşen toplantıda, Açık Kapı Şube Müdürlüğünün 2022 yılındaki çalışmaları masaya yatırılırken, 2023 yılında yapılması planlanan faaliyet ve çalışmalar değerlendirildi.

Açık Kapı projesi ile güler yüzlü ve konularına hakim personel aracılığı ile tüm vatandaşlarımız ile birebir ve sıcak bir iletişim kurulduğunu kaydeden Vali Yardımcısı Mehmet Yasin Erkan, “Bu proje vatandaşlarımızın talep ve önerilerini, uzman personel aracılığı ile iletebildikleri, tüm başvuruların elektronik ortamda kaydedilerek ilgili birimlere yönlendirildiği, takip edilerek hızlı bir şekilde sonuçlandırıldığı devletle vatandaşlarımız arasındaki karşılıklı iletişim ve güveni arttırmayı amaçlayan kamu hizmeti anlayışıdır. Başvurular elektronik ortamda kaydedilerek ilgili birimlere yönlendirilmekte ve vatandaş memnuniyeti ön planda tutularak 7 iş günü içerisinde sonuçlandırılmaktadır. Valiliğimiz bünyesinde hizmet veren Açık Kapı Şube Müdürlüğümüze 2022 yılında il genelinde 6763 başvuru yapılmış bu başvuruların 6515 tanesi sonuçlandırılmıştır. Açık Kapı Şube Müdürlüğümüz 2023 yılında da Açık Kapı birimlerinin tanınırlığını artırmak, halkla ilişkileri kuvvetlendirmek, vatandaşın talep ve önerilerini yerinde almak amacıyla çeşitli ziyaret ve programlar çerçevesinde faaliyetlerine ağırlık verecektir” dedi."
17.01.2023,"Vali Mahmut Çuhadar, Köyleri Karış Karış Geziyor",,https://www.adiyaman.gov.tr/vali-mahmut-cuhadar-koyleri-karis-karis-geziyor,Teknik olarak web sitemizde kullanılan çerez türleri aşağıdaki tabloda gösterilmektedir.,"Adıyaman Valisi Mahmut Çuhadar, kırsal kesimin ihtiyaç ve taleplerini yerinde görüp tespit etmek ve vatandaşlarla hasbihal etmek amacıyla Adıyaman’ın köylerini karış karış geziyor.

Vali Mahmut Çuhadar, devlet yatırımlarının köylerde en iyi şekilde uygulanması, kırsal kesimin daha yaşanabilir kılmak, modern altyapısı tamamlanmış bir yaşam alanı haline getirmek ve vatandaşlarla bir araya gelmek amacıyla her hafta gerçekleştirdiği köy ziyaretlerine Adıyaman merkeze bağlı Yenice, Toptepe, Kemerkaya ve Kalburcu köyleriyle devam etti.

Köy ziyaretlerinde Vali Mahmut Çuhadar’a Vali Yardımcısı Mehmet Yasin Erkan ve Tarım ve Orman İl Müdürü Nurettin Kıyas eşlik etti.

Ziyaret ettiği köylerde vatandaşlar tarafından büyük bir ilgiyle karşılanan Vali Mahmut Çuhadar, vatandaşlarla tek tek tokalaşarak köy muhtarları ve vatandaşlarla sohbet edip, taleplerini dinledi, ihtiyaç ve sorunlar hakkında karşılıklı görüş alışverişinde bulundu.

Ziyaretlerine Yenice köyü ile başlayan Vali Mahmut Çuhadar, köyün ihtiyaç ve talepleri ile vatandaşın istek ve sorunlarını birebir dinleyerek çözümü konusunda istişarelerde bulundu.

Ardından Toptepe köyüne geçen Vali Çuhadar, köy muhtarı ve vatandaşlarla sohbet edip, taleplerini dinleyerek sorunlar hakkında görüş alışverişinde bulundu.

Toptepe köyündeki temaslarının ardından Kemerkaya köyüne geçen Vali Mahmut Çuhadar, Kemerkaya köyü girişinde köyün gençleri tarafından ay yıldızlı bayraklarla süslediği araçlarla karşılandı.  Gençler, Türk Bayraklarıyla köy meydanına kadar Vali Mahmut Çuhadar’ın makam aracına eskortluk yaptı.

Dev bayrakların asıldığı köyde vatandaşlar tarafından büyük bir coşkuyla karşılanan Vali Mahmut Çuhadar, vatandaşlarla tek tek tokalaşıp, köy odasında vatandaşların ihtiyaç ve taleplerini dinleyerek, gösterdikleri misafirperverlik ve sıcak karşılamadan dolayı Kemerkaya halkına teşekkür etti.

Vali Mahmut Çuhadar, Kemerkaya Köyünde vatandaşların ihtiyaç ve taleplerini dinledikten sonra Kalburcu köyüne geçti.

Kalburcu halkıyla sohbet eden Vali Çuhadar, vatandaşın ilettiği sorunları tek tek not aldırarak, bu talepleri imkanlar ölçüsünde yerine getireceklerini ifade etti.

Ziyaret ettiği köylerde okulları da gezerek öğrencilerle yakından ilgilenen Vali Mahmut Çuhadar, öğrencilere derslerine iyi çalışmaları yönünde tavsiyelerde bulunarak, okulun ihtiyaç ve talepleri hakkında öğretmenlerden bilgi aldı.

Kırsal kesimin ihtiyaç ve taleplerini yerinde görüp tespit etmek amacıyla Adıyaman’ın köylerini karış karış gezdiklerini belirten Vali Mahmut Çuhadar, ""Her hafta düzenli olarak gerçekleştirdiğimiz köy gezilerimize bugün merkeze bağlı Yenice, Toptepe, Kemerkaya ve Kalburcu köyleriyle devam ediyoruz. Bugün köylü kardeşlerimizin problemlerini dinlemek ve bunlara çözüm bulmak amacıyla buradayız. Gerek İl Özel İdaremiz gerekse de Merkez Köylere Hizmet Götürme Birliğimizin çalışmalarını tamamladığı köylerde asfalttan kilitli parkeye, altyapıdan çocuk oyun parkları ve taziye evlerine kadar birçok hizmeti vatandaşın ayağına götürerek köykent ayrımını ortadan kaldırdığını görüyoruz. Yapılan bu hizmetlerle birçok köyümüz adeta Kasaba görünümüne kavuşmuş durumda. Bundan sonra da vatandaşlarımızın sosyal alanda ihtiyaç duyduğu diğer hizmetleri hayata geçirmenin gayreti içerisinde olacağız. Devletimizin şefkat eli her daim vatandaşımızın yanında olacaktır”dedi."
10.01.2023,İlçe Kaymakamları Vali Mahmut Çuhadar Başkanlığında Toplandı,,https://www.adiyaman.gov.tr/ilce-kaymakamlari-vali-mahmut-cuhadar-baskanliginda-toplandi-2023,Teknik olarak web sitemizde kullanılan çerez türleri aşağıdaki tabloda gösterilmektedir.,"İlçelerin ihtiyaç ve talepleri ile devam eden yatırım ve projelerinin değerlendirildiği ""Kaymakamlar Toplantısı"" Adıyaman Valisi Mahmut Çuhadar Başkanlığında yapıldı.

Valilik Toplantı Salonunda düzenlenen toplantıya Vali Yardımcıları ve ilçe kaymakamları katıldı.

Valilik toplantı salonunda gerçekleştirilen toplantıda Vali Mahmut Çuhadar, ilçelerin genel durumu, yapılan yatırımlar, yürütülen hizmetler, projeler ve faaliyetlerle ilgili ilçe kaymakamlarından bilgi aldı.

İlçelerin genel durumunun ayrıntılarıyla analiz edildiği toplantıda kaymakamlara hitap eden Vali Mahmut Çuhadar, vatandaşların dile getirdikleri taleplerin yerine getirilmesi ve eksikliklerin giderilmesi için kamu kurum ve kuruluşlarınca gerekli hassasiyet ve gayretin gösterilmesinin çok önemli olduğuna dikkat çekerek yaptıkları çalışmalardan dolayı kaymakamlara teşekkür etti.

Toplantıda ayrıca, Vali Yardımcıları ve ilçe kaymakamlarının 10 Ocak İdareciler Gününü kutlayan Vali Mahmut Çuhadar, “Bizler, “Halka hizmet, Hakk’a hizmettir” düsturu ile, ülkesine ve insanlarına hizmet etme bilinciyle yurdumuzun dört bir köşesinde devletimizin bekası için üstün vazife bilinciyle çalışan Mülki İdare Amirleri olarak, sadece devletin varlığını, gücünü ve otoritesini değil, şefkatini de temsil etmekte, devletle vatandaşlarımız arasındaki sevgi ve güven bağlarını da güçlendirmekteyiz. Bu vesile mensubu olmaktan onur duyduğum bu özverili mesleği fedakârca yürüten siz değerli idarecilerimizin 10 Ocak İdareciler Günü’nü kutluyorum”dedi.

Kaymakamlar toplantısı, 2022 yılının genel değerlendirilmesi yapılarak, 2023 yılı içerisinde ilçelerde yapılması planlanan çalışmalar, projelerin önceliklerine göre belirlenmesi ve planlanan projelerin son durumu hakkında karşılıklı görüş alışverişinde bulunulmasıyla sona erdi."
09.01.2023,Vali Mahmut Çuhadar’ın Köy Gezi ve İncelemeleri Devam Ediyor,,https://www.adiyaman.gov.tr/vali-mahmut-cuhadarin-koy-gezi-ve-incelemeleri-devam-ediyor,Teknik olarak web sitemizde kullanılan çerez türleri aşağıdaki tabloda gösterilmektedir.,"Adıyaman Valisi Mahmut Çuhadar, sorunları yerinde tespit etmek ve köylerde yaşayan vatandaşlarımızın istek ve taleplerini dinlemek amacıyla her hafta düzenli olarak gerçekleştirdiği köy ziyaretlerini sürdürüyor.

Köy ziyaretlerinde Vali Mahmut Çuhadar’a Vali Yardımcısı Mehmet Yasin Erkan ve Tarım ve Orman İl Müdürü Nurettin Kıyas eşlik etti.

Adıyaman Valisi Mahmut Çuhadar, kırsal kesimde yaşayan vatandaşlarla hasbihal etmek ve köylülerin karşılaştığı sorun ve ihtiyaçlarının tespiti amacıyla düzenlendiği köy ziyaretlerine merkeze bağlı Battalhöyük, Doyran ve Kızılcahöyük köyleriyle devam etti.

Ziyaretlerine Battalhöyük köyü ile başlayarak vatandaşlardan ve köy muhtarından köyün ihtiyaç ve talepleri hakkında bilgi alan Vali Mahmut Çuhadar, köylülerin ilettiği talepleri tek tek not alarak, öncelik arz eden talepleri imkanlar çerçevesinde yerine getireceklerini söyledi.

Daha sonra Doyran köyüne geçen Vali Mahmut Çuhadar, köy sakinleri ile bir süre sohbet ederek, sorun ve isteklerini dinledi.

Ziyarette Doyran Köyü ilk ve ortaokulunu da ziyaret eden Vali Mahmut Çuhadar, okulun ihtiyaçları, fiziki yapısı, öğrenci sayısı ve başarı durumu hakkında okul müdüründen bilgi aldı.

Köylere gerçekleştirdiği ziyaretlerin son bölümünde Kızılcahöyük köyüne geçen Vali Mahmut Çuhadar, köyün genel durumu ve sorunları hakkında muhtardan bilgi alarak vatandaşlarla hasbihal etti.

Köy gezileriyle amaçlarının yapılan hizmetleri yerinde görerek vatandaşların ihtiyaç ve taleplerini dinlemek olduğunu belirten Vali Mahmut Çuhadar, “Devlet olarak bizim asli görevimiz hizmetin en kalitelisini vatandaşlarımıza sunmak ve refah seviyesini daha da yükseltmektir. Kırsal kesimin sıkıntılarını çözmek için gece-gündüz demeden, mesai kavramı gözetmeden canla başla çalışıyoruz. Bugün Battalhöyük, Doyran ve Kızılcahöyük köylerimizi ziyaret ederek muhtarlarımızın ve vatandaşlarımızın taleplerini dinledik. Yapılması elzem olan konularda hızlı hareket edeceğiz. Köylerimizi daha yaşanılır hale getirmek için tüm birimlerimizle hizmetlerimizi sürdüreceğiz. Şimdiye kadar olduğu gibi bundan sonra da birlik ve beraberlik içerisinde köylerimize en güzel hizmetleri götürmenin gayretinde olacağız”dedi."
09.01.2023,Adıyaman Valisi Mahmut Çuhadar’ın “10 Ocak Çalışan Gazeteciler Günü” Mesajı,,https://www.adiyaman.gov.tr/adiyaman-valisi-mahmut-cuhadarin-10-ocak-calisan-gazeteciler-gunu-mesaji-2023,Teknik olarak web sitemizde kullanılan çerez türleri aşağıdaki tabloda gösterilmektedir.,"İletişim çağının hayatımızın her noktasına sirayet ettiği günümüzde milletimizin ortak sesi olmanın ötesinde kamuoyunun vicdanını temsil eden tüm basın mensuplarımızın 10 Ocak Çalışan Gazeteciler Günü’nü en içten dileklerimle kutluyorum.

Bilginin her geçen gün katlanarak çoğaldığı ve teknolojinin takip edilmesi zor bir hızda geliştiği günümüzde başta internet ve sosyal medya olmak üzere bilgiye ve habere erişimin çeşitlendiği ve kolaylaştığı günümüz dünyasında, halkı doğru ve tarafsız haberle hızlı bir şekilde buluşturan gazetecilerimizin yaptıkları görevin önemi daha da artmaktadır.

Medyanın toplum üzerindeki etkileri dikkate alındığında; herhangi bir kısıtlamaya maruz kalmadan, meslek ahlakı bilinci ve gayreti içinde kamuoyunu doğru, tarafsız ve etik ilkelere uygun olarak toplumsal değerlerimize saygı çerçevesinde bilgilendirme görevini yerine getirebilen medyanın varlığı, çağdaş, demokratik ve şeffaf toplumların olmazsa olmazlarındandır.

Bizler de Adıyaman Valiliği olarak mesleğini büyük bir sorumluluk hissiyatıyla gerçekleştirmek üzere mesai mefhumu gözetmeksizin, gece-gündüz demeden zorlu şartlar altında yılmadan haber peşinde koşan basın emekçilerimizin çalışmalarını daha iyi koşullarda ve daha verimli bir şekilde yapabilmelerine büyük önem veriyor, bunu sağlamak için üzerimize düşen sorumlulukları yerine getirmeye gayret ediyoruz.

Bu duygularla, ülkemizin ve Adıyaman’ımızın sorunlarını, ihtiyaçlarını, taleplerini yetkililere ve kamuoyuna aktaran ve sorunların çözümünde önerileriyle toplumdaki  mekanizmanın daha sağlıklı bir şekilde çalışmasına yardımcı olan milletimizin adeta gören gözü, işiten kulağı olan gazetecilerimizin  bu görevi yerine getirmede gösterdikleri fedakarlık ve gayretlerini takdirle karşılıyor, çalışma arkadaşlarım olarak gördüğüm yerel ve yaygın  basınımızın seçkin temsilcilerinin “10 Ocak Çalışan Gazeteciler Günü”nü kutluyor; kendilerine ve ailelerine sağlık, mutluluk ve başarılar diliyorum."
08.01.2023,Adıyaman’a Yeni ve Modern Bir Kütüphane Yapılıyor,,https://www.adiyaman.gov.tr/adiyamana-yeni-ve-modern-bir-kutuphane-yapiliyor,Teknik olarak web sitemizde kullanılan çerez türleri aşağıdaki tabloda gösterilmektedir.,"Kültür ve Turizm Bakanlığı Kütüphaneler ve Yayımlar Genel Müdürlüğü tarafından Adıyaman’ın Altınşehir Mahallesine modern bir kütüphane yapılıyor.

2023 yılı yatırım programına alınacak olan ve şehrin en gözde noktası olan Altınşehir Gençlik Merkezi yanında inşa edilecek olan kütüphane binası tüm sosyal donatılarıyla her yaş grubuna uygun olarak inşa edilecek.

Vali Mahmut Çuhadar, İl Kültür ve Turizm Müdürü Ahmet Günaydın’la birlikte Altınşehir mahallesinde kütüphanenin yapılacağı arazide incelemelerde bulundu.

Yapılacak olan kütüphane ile ilgili bilgi veren Vali Mahmut Çuhadar, “Altınşehir Mahallemiz Gençlik Merkezinin bitişiğindeki arsada 3510 m2 alan üzerine inşa edilecek Kütüphane binası Belediye meclis kararı ile 25 yıl süre ile bedelsiz olarak Kültür ve Turizm Bakanlığı Kütüphaneler ve Yayımlar Genel Müdürlüğüne tahsis edilmiştir. 2023 yılı yatırım programına alınacak olan kütüphanemizi her yaş grubuna uygun materyallerle donatmayı hedefliyoruz. Modern bir mimari ile inşa edilecek kütüphane binasında bebek ve çocuklar için aktivite, oyun ve spor alanları, kafeterya, cep sinema salonu, çok amaçlı salon, görsel-işitsel materyaller salonu ve temel fonksiyon alanlarının yer alacağı kütüphanede deneyap atölyeleri gibi çok amaçlı salonlar yer alacaktır. Her zaman ifade etiğimiz gibi kütüphaneler bir toplumun kültür ve medeniyet birikiminin hazineleridir. Eğitim hayatımızın vazgeçilmezi kitaplarla olan dostluğumuzu canlı tutacak olan kütüphanelerimize yapılan her türlü desteği, ülkemizin geleceğine yapılmış katkının bir parçası olarak değerlendiriyoruz. Bu güzel yatırımdan dolayı Sayın Cumhurbaşkanımız başta olmak üzere Kültür ve Turizm Bakanlığı Kütüphaneler ve Yayımlar Genel Müdürlüğüne, bu güzel projenin ilimize kazandırılması noktasında Ankara’da bakanlık nezdinde girişimlerde bulunan Sayın Milletvekillerimize ve arsa tahsisi yapan Adıyaman Belediyemize çok teşekkür ediyor, yapılacak olan kütüphanenin ilimize hayırlı olmasını diliyorum”dedi."
07.01.2023,"Şehit Piyade Sözleşmeli Er Mehmet Demir, Şehadetinin 40. Gününde Mevlid-i Şerifle Anıldı",,https://www.adiyaman.gov.tr/sehit-piyade-sozlesmeli-er-mehmet-demir-sehadetinin-40-gununde-mevlid-i-serifle-anildi,Teknik olarak web sitemizde kullanılan çerez türleri aşağıdaki tabloda gösterilmektedir.,"Türk Silahlı Kuvvetleri tarafından Irak’ın Kuzeyindeki PKK terör örgütü hedeflerine yönelik düzenlenen Pençe-Kilit operasyonunda bölücü terör örgütünün taciz atışı sonucu şehit olan Piyade Sözleşmeli Er Mehmet Demir, şehadetinin 40. gününde mevlid-i şerifle anıldı.

Şehit Piyade Sözleşmeli Er Mehmet Demir’in ailesi tarafından Besni ilçesine bağlı Pınarbaşı köyünde düzenlenen mevlit programına şehidin ailesi başta olmak üzere, Adıyaman Valisi Mahmut Çuhadar, Besni Kaymakamı Çağlar Partal, İl Jandarma Komutanı Albay Ferdi Erbakıcı ve vatandaşlar katıldı.

Öğle namazına doğru başlayan mevlit programında, Müftülük görevlileri tarafından Kur’an-ı Kerim ve mevlidi şerif okunarak ilahiler seslendirildi. Aziz vatanın bekası, milletimizin birlik ve bütünlüğünün korunması ve ülkemizin her köşesinde huzur ve güvenliğin sağlanması uğruna canlarını feda eden Piyade Sözleşmeli Er Mehmet Demir ve tüm şehitler dualarla anılarak Allah’tan rahmet dilendi.

Okunan mevlid-i şerif’in ardından Vali Mahmut Çuhadar, acılı baba Latif Demir’e ve ailesine başsağlığı ve sabır diledi."
04.01.2023,"Vali Çuhadar; Amacımız, Kentlerdeki Sosyal Yaşantının Köylerde de Yaşayan Vatandaşlarımızın Yaşayabilmesi Çabasıdır",,https://www.adiyaman.gov.tr/vali-cuhadar-amacimiz-kentlerdeki-sosyal-yasantinin-koylerde-de-yasayan-vatandaslarimizin-yasayabilmesi-cabasidir,Teknik olarak web sitemizde kullanılan çerez türleri aşağıdaki tabloda gösterilmektedir.,"Adıyaman Valisi Mahmut Çuhadar’ın, kırsal kesimin ihtiyaç ve taleplerini yerinde tespit etmek amacıyla her hafta merkeze bağlı köylere gerçekleştirdiği ziyaretleri tüm hızıyla devam ediyor.

Vali Mahmut Çuhadar, köylerin ihtiyaç ve taleplerini yerinde tespit edip çözüme kavuşturmak amacıyla başlattığı köy ziyaretlerine Adıyaman merkeze bağlı Dandırmaz, Şerefli, Büklüm ve Kayacık köyleriyle devam etti.

Köy ziyaretlerinde Vali Mahmut Çuhadar’a Vali Yardımcısı Mehmet Yasin Erkan ve Tarım ve Orman İl Müdürü Nurettin Kıyas eşlik etti.

Ziyaret ettiği köylerde vatandaşlar tarafından büyük bir ilgiyle karşılanan Vali Mahmut Çuhadar, vatandaşlarla tek tek tokalaşarak köy muhtarları ve vatandaşlarla sohbet edip, taleplerini dinledi, ihtiyaç ve sorunlar hakkında karşılıklı görüş alışverişinde bulundu.

Vali Mahmut Çuhadar, kırsal kesime bugüne kadar ulaşım ve alt yapı hizmetleri başta olmak üzere ekonomik ve sosyal alt yapıyı güçlendirerek vatandaşımızın yaşam kalitesini kolaylaştıracak önemli hizmetler hayata geçirildi. Amacımız, kentlerdeki sosyal yaşantının köylerde de yaşayan vatandaşların yaşayabilmesi çabasıdır.

Ziyaret ettiği köylerde okulları da ziyaret eden Vali Mahmut Çuhadar, okulun ihtiyaç ve talepleri hakkında öğretmenlerden bilgi alıp, öğrencilerle sohbet ederek derslerinde başarılar diledi.

2022 yılında kırsal altyapının iyileştirilmesi yoluyla halkımızın yaşam kalitesini artırmaya yönelik önemli yatırım ve çalışmalar yürüttüklerini belirten Vali Mahmut Çuhadar, “2023 yılında bu çalışmalarımız artarak devam edecektir. Hemşerilerimizin yaşam koşullarını daha kaliteli hale getirmek, onların talep ve isteklerini takip etmek her zaman birinci önceliğimiz olmuştur. Bundan dolayı her hafta köylerimizi ziyaret ederek, ihtiyaç ve talepleri yerinde tespit ediyor, atılması gereken adımları köylü kardeşlerimizle birlikte istişare edip buna göre çözüm üretiyoruz. İl Özel İdaresi ve Merkez Köylere Hizmet Götürme Birliği olarak yaptığımız tüm hizmetler özellikle kırsalda yaşayan insanlarımızın rahat ve huzur içerisin de günlük yaşamını sağlayabilecek alt yapıyı oluşturmaktır. Bu yıl 350 Milyon TL olarak onaylanan İl Özel İdaresinin bütçesinin ciddi bir bölümünü köylerimizin alt ve üst yapı hizmetlerinde kullanacağız. Bu bütçeyle köylerimizin eksikliklerini tamamlamış olacağız. Yapılan hizmetlerde köylerimiz arasında herhangi bir ayrım yapmadan öncelik sırasına göre eksiklileri tespit edip buna göre çalışmalarımızı sürdürüyoruz. Amacımız, kentlerdeki sosyal yaşantının köylerde de yaşayan vatandaşlarımızın yaşayabilmesi çabasıdır. Özellikle kırsal kesimde yaşanan birçok sıkıntı büyük ölçüde çözüme kavuşturuldu. Kalan sorunların çözümü içinde Valilik olarak yoğun gayret sarf ediyoruz. Türkiye Yüzyılı vizyonuyla Cumhuriyetimizin kuruluşunun 100. yıldönümü olan 2023 hedefleri doğrultusunda ilimizde kırsal kesimin bütün alt ve üst yapı hizmetlerinin bitirildiği ve köylerimizin kalkınarak yaşam seviyelerinin yükseltildiği Adıyaman’ı birlikte inşa edeceğiz inşallah ”dedi.

Ziyaretten duydukları memnuniyeti dile getiren köylü vatandaşlar ise, köylerinin sorunlarının çözümüne ilişkin gösterdikleri yakın ilgi ve alakadan dolayı Vali Mahmut Çuhadar’a teşekkür etti."
