group_type,group,frame,rank,word,mean_saliency,doc_count
period,1_post_quake,technical,1,zemin,0.0164,2
period,1_post_quake,technical,2,bi̇na,0.01489,2
period,1_post_quake,technical,3,i̇lleri̇mi̇zde,0.01455,2
period,1_post_quake,technical,4,etki̇lenen,0.00856,2
period,1_post_quake,technical,5,felaketi,0.00793,2
period,1_post_quake,technical,6,ihya,0.00759,2
period,1_post_quake,technical,7,inşa,0.00701,3
period,1_post_quake,technical,8,karadan,0.00666,3
period,1_post_quake,technical,9,ağir,0.00632,4
period,1_post_quake,technical,10,depremler,0.00602,2
period,1_post_quake,technical,11,yikilacak,0.00578,2
period,1_post_quake,technical,12,depremlerden,0.00573,4
period,1_post_quake,technical,13,fay,0.00557,2
period,1_post_quake,technical,14,yerleşim,0.00524,2
period,1_post_quake,technical,15,aci̇l,0.00521,4
period,1_post_quake,technical,16,bilgi,0.00504,2
period,1_post_quake,technical,17,kamu,0.0046,2
period,1_post_quake,technical,18,bi̇n,0.00411,8
period,1_post_quake,technical,19,bölümden,0.00408,3
period,1_post_quake,technical,20,alan,0.00399,6
period,1_post_quake,political,1,töreni,0.01833,2
period,1_post_quake,political,2,depremzede,0.01573,2
period,1_post_quake,political,3,cumhuri̇yet,0.01457,2
period,1_post_quake,political,4,konutunun,0.01221,2
period,1_post_quake,political,5,toplantısı,0.01216,2
period,1_post_quake,political,6,töreninde,0.01213,3
period,1_post_quake,political,7,konut,0.01201,9
period,1_post_quake,political,8,konutun,0.01097,6
period,1_post_quake,political,9,ni̇san,0.00942,2
period,1_post_quake,political,10,kardeşleri̇mi̇ze,0.00764,2
period,1_post_quake,political,11,yilda,0.0074,2
period,1_post_quake,political,12,toki̇,0.00704,4
period,1_post_quake,political,13,i̇daresi,0.00655,2
period,1_post_quake,political,14,bakanlığı,0.00614,2
period,1_post_quake,political,15,zamanli,0.00613,2
period,1_post_quake,political,16,konutlarimizi,0.00579,3
period,1_post_quake,political,17,yeni,0.00551,3
period,1_post_quake,political,18,kentsel,0.00535,5
period,1_post_quake,political,19,ayağa,0.00532,3
period,1_post_quake,political,20,kardeşleri̇mi̇zi̇n,0.00527,2
period,1_post_quake,development,1,ulaştırma,0.02052,2
period,1_post_quake,development,2,gençler,0.01524,3
period,1_post_quake,development,3,incelemelerde,0.01465,2
period,1_post_quake,development,4,sultanbeyli,0.01121,3
period,1_post_quake,development,5,depremzedelerin,0.01097,4
period,1_post_quake,development,6,i̇nsanları,0.0087,3
period,1_post_quake,development,7,inşası,0.00831,4
period,1_post_quake,development,8,merkezimiz,0.00803,2
period,1_post_quake,development,9,yapımı,0.00789,2
period,1_post_quake,development,10,sevgili,0.00779,5
period,1_post_quake,development,11,altyapı,0.00768,2
period,1_post_quake,development,12,toplantıda,0.00752,2
period,1_post_quake,development,13,sizleri,0.00688,8
period,1_post_quake,development,14,yarışır,0.0061,2
period,1_post_quake,development,15,kıymetli,0.006,10
period,1_post_quake,development,16,finans,0.00595,5
period,1_post_quake,development,17,toki̇,0.00582,3
period,1_post_quake,development,18,prefabrik,0.00547,6
period,1_post_quake,development,19,esnafın,0.00542,2
period,1_post_quake,development,20,toplantısını,0.0054,2
period,1_post_quake,sustainability,1,dirençli,0.01149,2
period,1_post_quake,sustainability,2,yarışır,0.01078,2
period,1_post_quake,sustainability,3,hasarlı,0.00857,2
period,1_post_quake,sustainability,4,altyapısının,0.00809,2
period,1_post_quake,sustainability,5,bankası,0.0076,2
period,1_post_quake,sustainability,6,merkezimiz,0.00633,2
period,1_post_quake,sustainability,7,risk,0.00549,3
period,1_post_quake,sustainability,8,stratejik,0.00539,2
period,1_post_quake,sustainability,9,merkezi,0.00501,2
period,1_post_quake,sustainability,10,enerji,0.00465,2
period,1_post_quake,sustainability,11,temsilcileri,0.00456,2
period,1_post_quake,sustainability,12,çalışanları,0.00455,3
period,1_post_quake,sustainability,13,ilde,0.00426,2
period,1_post_quake,sustainability,14,nisan,0.00377,2
period,1_post_quake,sustainability,15,eliyle,0.00347,2
period,1_post_quake,sustainability,16,yer,0.00338,2
period,1_post_quake,sustainability,17,hariç,0.00312,2
period,1_post_quake,sustainability,18,erişimini,0.00303,2
period,1_post_quake,sustainability,19,saygıdeğer,0.00279,3
period,1_post_quake,sustainability,20,sizleri,0.00251,5
period,2_pres_campaign,technical,1,planını,0.02178,2
period,2_pres_campaign,technical,2,imar,0.02052,2
period,2_pres_campaign,technical,3,millet,0.0201,2
period,2_pres_campaign,technical,4,i̇mar,0.01557,2
period,2_pres_campaign,technical,5,sanayi̇,0.01176,2
period,2_pres_campaign,technical,6,alanlar,0.011,2
period,2_pres_campaign,technical,7,kira,0.01043,4
period,2_pres_campaign,technical,8,kentsel,0.00976,6
period,2_pres_campaign,technical,9,kampanyamiza,0.00861,3
period,2_pres_campaign,technical,10,riskli,0.00818,2
period,2_pres_campaign,technical,11,kampanyasina,0.00735,2
period,2_pres_campaign,technical,12,bina,0.00733,2
period,2_pres_campaign,technical,13,dönüşümde,0.00497,2
period,2_pres_campaign,technical,14,yaptı,0.00493,4
period,2_pres_campaign,technical,15,nde,0.00405,3
period,2_pres_campaign,technical,16,yapı,0.00396,3
period,2_pres_campaign,technical,17,konutun,0.00374,3
period,2_pres_campaign,technical,18,yayınında,0.00307,3
period,2_pres_campaign,technical,19,başvuru,0.0028,12
period,2_pres_campaign,technical,20,dönüşümü,0.00269,3
period,2_pres_campaign,political,1,mensupları,0.01906,2
period,2_pres_campaign,political,2,borsalar,0.01682,2
period,2_pres_campaign,political,3,saygıdeğer,0.01383,4
period,2_pres_campaign,political,4,bayramı,0.01251,2
period,2_pres_campaign,political,5,i̇ttifakı,0.01235,2
period,2_pres_campaign,political,6,aziz,0.0115,2
period,2_pres_campaign,political,7,kardeşlerim,0.01135,5
period,2_pres_campaign,political,8,kıymetli,0.01132,7
period,2_pres_campaign,political,9,kuruluş,0.01003,2
period,2_pres_campaign,political,10,sizleri,0.0092,8
period,2_pres_campaign,political,11,görevli,0.00919,2
period,2_pres_campaign,political,12,bağımsız,0.00864,4
period,2_pres_campaign,political,13,güçlü,0.00817,2
period,2_pres_campaign,political,14,kuruluşlarımızın,0.00779,2
period,2_pres_campaign,political,15,kampanyamiza,0.00769,2
period,2_pres_campaign,political,16,severiz,0.00748,2
period,2_pres_campaign,political,17,cumhur,0.00672,2
period,2_pres_campaign,political,18,bölümden,0.0067,2
period,2_pres_campaign,political,19,birliği,0.00612,2
period,2_pres_campaign,political,20,mahalle,0.00605,3
period,2_pres_campaign,development,1,tahsisi,0.01946,2
period,2_pres_campaign,development,2,sokak,0.0132,2
period,2_pres_campaign,development,3,planını,0.01271,2
period,2_pres_campaign,development,4,muzda,0.0106,2
period,2_pres_campaign,development,5,borsalar,0.01035,2
period,2_pres_campaign,development,6,sizleri,0.01027,2
period,2_pres_campaign,development,7,millet,0.0097,4
period,2_pres_campaign,development,8,bölüm,0.00941,2
period,2_pres_campaign,development,9,geldi,0.00661,2
period,2_pres_campaign,development,10,duygularımla,0.00568,2
period,2_pres_campaign,development,11,bizden,0.00567,3
period,2_pres_campaign,development,12,kampanyasina,0.00551,2
period,2_pres_campaign,development,13,kura,0.00541,4
period,2_pres_campaign,development,14,tamamlandı,0.00483,2
period,2_pres_campaign,development,15,yarısı,0.00477,2
period,2_pres_campaign,development,16,havalimanı,0.00467,2
period,2_pres_campaign,development,17,çarşıları,0.00373,2
period,2_pres_campaign,development,18,200,0.00373,2
period,2_pres_campaign,development,19,dönüşüm,0.00371,3
period,2_pres_campaign,development,20,ilçelerimizde,0.00362,2
period,2_pres_campaign,sustainability,1,bahçesi,0.02178,2
period,2_pres_campaign,sustainability,2,depremde,0.01467,3
period,2_pres_campaign,sustainability,3,vatandaşımız,0.00835,2
period,2_pres_campaign,sustainability,4,kirişci,0.00832,3
period,2_pres_campaign,sustainability,5,planını,0.00774,2
period,2_pres_campaign,sustainability,6,temi̇z,0.00732,2
period,2_pres_campaign,sustainability,7,bölüm,0.00725,5
period,2_pres_campaign,sustainability,8,gençlerle,0.00705,2
period,2_pres_campaign,sustainability,9,risk,0.00671,2
period,2_pres_campaign,sustainability,10,sokak,0.00582,2
period,2_pres_campaign,sustainability,11,ilde,0.0054,2
period,2_pres_campaign,sustainability,12,yayımladı,0.00451,2
period,2_pres_campaign,sustainability,13,vatandaşımızın,0.00379,2
period,2_pres_campaign,sustainability,14,elbistan,0.00365,2
period,2_pres_campaign,sustainability,15,210,0.0036,2
period,2_pres_campaign,sustainability,16,nde,0.00346,5
period,2_pres_campaign,sustainability,17,bizden,0.00341,10
period,2_pres_campaign,sustainability,18,500,0.00331,2
period,2_pres_campaign,sustainability,19,yarısı,0.00322,10
period,2_pres_campaign,sustainability,20,parti,0.00321,2
period,3_inter_election,technical,1,teslim,0.00924,2
period,3_inter_election,technical,2,güvenli,0.00918,6
period,3_inter_election,technical,3,ortaya,0.00819,2
period,3_inter_election,technical,4,sağlam,0.00708,2
period,3_inter_election,technical,5,inşa,0.00666,2
period,3_inter_election,technical,6,şehirlerin,0.00603,2
period,3_inter_election,technical,7,medya,0.00495,2
period,3_inter_election,technical,8,dönüşümün,0.00445,2
period,3_inter_election,technical,9,yol,0.00421,2
period,3_inter_election,technical,10,sektör,0.00385,2
period,3_inter_election,technical,11,yeniden,0.00375,2
period,3_inter_election,technical,12,koyduğu,0.00375,2
period,3_inter_election,technical,13,hızla,0.00373,2
period,3_inter_election,technical,14,sayin,0.00368,2
period,3_inter_election,technical,15,stokunu,0.00366,2
period,3_inter_election,technical,16,yapılan,0.00349,3
period,3_inter_election,technical,17,malatya,0.00331,2
period,3_inter_election,technical,18,yılında,0.00296,2
period,3_inter_election,technical,19,karşı,0.00287,2
period,3_inter_election,technical,20,riskli,0.00283,3
period,3_inter_election,political,1,bahçesi,0.02082,2
period,3_inter_election,political,2,saracağiz,0.01675,2
period,3_inter_election,political,3,çocuğunu,0.0166,2
period,3_inter_election,political,4,i̇nşallah,0.01221,5
period,3_inter_election,political,5,cumhurbaşkanımızın,0.01073,3
period,3_inter_election,political,6,meteoroloji,0.0106,2
period,3_inter_election,political,7,afet,0.01049,2
period,3_inter_election,political,8,ziyaretlerde,0.00891,2
period,3_inter_election,political,9,kayseri̇,0.00781,2
period,3_inter_election,political,10,forumu,0.00716,2
period,3_inter_election,political,11,etti,0.00675,2
period,3_inter_election,political,12,inşaatımız,0.00649,2
period,3_inter_election,political,13,1994,0.00625,2
period,3_inter_election,political,14,canli,0.00531,2
period,3_inter_election,political,15,bölgesinde,0.00524,2
period,3_inter_election,political,16,ilimize,0.00502,2
period,3_inter_election,political,17,vahit,0.00484,2
period,3_inter_election,political,18,yerde,0.00483,2
period,3_inter_election,political,19,ele,0.00466,2
period,3_inter_election,political,20,katildi,0.00415,3
period,3_inter_election,development,1,avcılık,0.02831,2
period,3_inter_election,development,2,1620,0.01439,2
period,3_inter_election,development,3,etap,0.01314,2
period,3_inter_election,development,4,tesisleri,0.01196,3
period,3_inter_election,development,5,tamamlandı,0.01097,2
period,3_inter_election,development,6,projesi,0.01064,2
period,3_inter_election,development,7,incelemelerde,0.00912,2
period,3_inter_election,development,8,sizleri,0.00737,7
period,3_inter_election,development,9,merkezimizde,0.00645,2
period,3_inter_election,development,10,bulundu,0.00589,3
period,3_inter_election,development,11,açılışını,0.00571,3
period,3_inter_election,development,12,incelemek,0.00566,2
period,3_inter_election,development,13,inşası,0.00529,3
period,3_inter_election,development,14,bakanlığımızın,0.00519,3
period,3_inter_election,development,15,yıl,0.00518,3
period,3_inter_election,development,16,cam,0.00514,3
period,3_inter_election,development,17,borsa,0.00506,2
period,3_inter_election,development,18,doğrultusunda,0.00473,2
period,3_inter_election,development,19,inşa,0.00471,4
period,3_inter_election,development,20,düzenlenen,0.00433,2
period,3_inter_election,sustainability,1,konferansı,0.01089,2
period,3_inter_election,sustainability,2,karbon,0.01062,2
period,3_inter_election,sustainability,3,çevresel,0.0095,3
period,3_inter_election,sustainability,4,şehi̇rci̇li̇k,0.00709,3
period,3_inter_election,sustainability,5,başkani,0.00625,2
period,3_inter_election,sustainability,6,yeşi̇l,0.00624,3
period,3_inter_election,sustainability,7,sertifika,0.00471,2
period,3_inter_election,sustainability,8,planı,0.0047,2
period,3_inter_election,sustainability,9,stratejisi,0.00466,3
period,3_inter_election,sustainability,10,cop28,0.00455,2
period,3_inter_election,sustainability,11,nehri,0.00447,2
period,3_inter_election,sustainability,12,toplantıda,0.00447,4
period,3_inter_election,sustainability,13,düşen,0.00436,3
period,3_inter_election,sustainability,14,teknofest,0.00433,3
period,3_inter_election,sustainability,15,şehi̇rler,0.00428,2
period,3_inter_election,sustainability,16,taraflar,0.00422,2
period,3_inter_election,sustainability,17,şubat,0.00422,2
period,3_inter_election,sustainability,18,ayında,0.00419,2
period,3_inter_election,sustainability,19,haziran,0.0039,2
period,3_inter_election,sustainability,20,nde,0.00367,5
period,4_local_campaign,technical,1,ulaştırma,0.02981,2
period,4_local_campaign,technical,2,muhalefeti̇n,0.01557,2
period,4_local_campaign,technical,3,rantsal,0.01512,2
period,4_local_campaign,technical,4,dönüşüme,0.01428,2
period,4_local_campaign,technical,5,mensupları,0.01183,2
period,4_local_campaign,technical,6,bakani,0.0104,8
period,4_local_campaign,technical,7,yatirim,0.00976,2
period,4_local_campaign,technical,8,inşası,0.00935,2
period,4_local_campaign,technical,9,kardeşlerim,0.00659,3
period,4_local_campaign,technical,10,teslim,0.00603,5
period,4_local_campaign,technical,11,olmasını,0.00555,2
period,4_local_campaign,technical,12,kıymetli,0.00521,6
period,4_local_campaign,technical,13,deği̇şi̇kli̇ği̇,0.00515,9
period,4_local_campaign,technical,14,vesilesiyle,0.00485,2
period,4_local_campaign,technical,15,şehi̇rci̇li̇k,0.00465,9
period,4_local_campaign,technical,16,hat,0.00438,2
period,4_local_campaign,technical,17,balikesi̇r,0.00402,2
period,4_local_campaign,technical,18,i̇kli̇m,0.00371,9
period,4_local_campaign,technical,19,dönüşüm,0.0035,4
period,4_local_campaign,technical,20,723,0.00323,3
period,4_local_campaign,political,1,geleceğimizin,0.02155,2
period,4_local_campaign,political,2,saygıdeğer,0.01555,2
period,4_local_campaign,political,3,kardeşlerim,0.01445,5
period,4_local_campaign,political,4,inşaatına,0.01436,2
period,4_local_campaign,political,5,kura,0.01401,2
period,4_local_campaign,political,6,gençler,0.01362,2
period,4_local_campaign,political,7,konutun,0.01232,2
period,4_local_campaign,political,8,sizleri,0.01034,7
period,4_local_campaign,political,9,toki̇,0.00998,2
period,4_local_campaign,political,10,kıymetli,0.0092,3
period,4_local_campaign,political,11,üzeri̇nden,0.00862,2
period,4_local_campaign,political,12,töreni,0.00856,2
period,4_local_campaign,political,13,teminatı,0.00842,2
period,4_local_campaign,political,14,mitinginde,0.00755,2
period,4_local_campaign,political,15,anahtar,0.00726,2
period,4_local_campaign,political,16,2023,0.0071,2
period,4_local_campaign,political,17,aziz,0.00649,3
period,4_local_campaign,political,18,kahramanmaraş,0.00604,2
period,4_local_campaign,political,19,şeyh,0.00574,2
period,4_local_campaign,political,20,i̇kli̇m,0.00562,7
period,4_local_campaign,development,1,ulaştırma,0.0233,2
period,4_local_campaign,development,2,sitesi,0.02104,3
period,4_local_campaign,development,3,dönüşümü,0.01874,2
period,4_local_campaign,development,4,inşası,0.01124,4
period,4_local_campaign,development,5,toki̇,0.00861,4
period,4_local_campaign,development,6,güneşli,0.00818,3
period,4_local_campaign,development,7,gençler,0.00798,3
period,4_local_campaign,development,8,mübarek,0.00789,2
period,4_local_campaign,development,9,sizleri,0.00765,8
period,4_local_campaign,development,10,mensupları,0.00717,4
period,4_local_campaign,development,11,teminatı,0.00707,2
period,4_local_campaign,development,12,kura,0.00707,3
period,4_local_campaign,development,13,bakani,0.00623,6
period,4_local_campaign,development,14,arnavutköy,0.0062,2
period,4_local_campaign,development,15,sene,0.00612,3
period,4_local_campaign,development,16,şehi̇rci̇li̇k,0.00597,6
period,4_local_campaign,development,17,hat,0.00517,2
period,4_local_campaign,development,18,kıymetli,0.00477,9
period,4_local_campaign,development,19,geleceğimizin,0.00463,2
period,4_local_campaign,development,20,bakanlığımızın,0.00457,3
period,4_local_campaign,sustainability,1,maden,0.02461,2
period,4_local_campaign,sustainability,2,ilçesindeki,0.01005,2
period,4_local_campaign,sustainability,3,plani,0.00823,2
period,4_local_campaign,sustainability,4,rantsal,0.00703,2
period,4_local_campaign,sustainability,5,projesi̇,0.00593,2
period,4_local_campaign,sustainability,6,muhalefeti̇n,0.00554,2
period,4_local_campaign,sustainability,7,belediyesi,0.00529,2
period,4_local_campaign,sustainability,8,planimiz,0.00528,2
period,4_local_campaign,sustainability,9,i̇kli̇m,0.00448,11
period,4_local_campaign,sustainability,10,katkı,0.00438,2
period,4_local_campaign,sustainability,11,yeni̇,0.00379,3
period,4_local_campaign,sustainability,12,bakanlığının,0.00374,2
period,4_local_campaign,sustainability,13,i̇nsanoğlu,0.0037,2
period,4_local_campaign,sustainability,14,tarımsal,0.00312,2
period,4_local_campaign,sustainability,15,hbb,0.00301,5
period,4_local_campaign,sustainability,16,i̇brahim,0.00254,2
period,4_local_campaign,sustainability,17,gi̇bi̇,0.00235,2
period,4_local_campaign,sustainability,18,kaçiş,0.00186,2
period,4_local_campaign,sustainability,19,ilgili,0.00159,2
period,4_local_campaign,sustainability,20,katildi,0.00155,2
period,5_post_local,technical,1,altyapı,0.01256,4
period,5_post_local,technical,2,bakani,0.01137,4
period,5_post_local,technical,3,hatlari,0.01125,2
period,5_post_local,technical,4,deği̇şi̇kli̇ği̇,0.00932,4
period,5_post_local,technical,5,yerinde,0.00753,3
period,5_post_local,technical,6,gören,0.00579,2
period,5_post_local,technical,7,teslim,0.00573,2
period,5_post_local,technical,8,şehi̇rci̇li̇k,0.00568,4
period,5_post_local,technical,9,yeni̇,0.00542,3
period,5_post_local,technical,10,hatsu,0.00518,5
period,5_post_local,technical,11,bölgesinde,0.00517,2
period,5_post_local,technical,12,çalişmalarina,0.00506,2
period,5_post_local,technical,13,yilmaz,0.00448,2
period,5_post_local,technical,14,sağlam,0.00434,2
period,5_post_local,technical,15,tuzcuoğlu,0.00423,2
period,5_post_local,technical,16,yardımcımız,0.00409,2
period,5_post_local,technical,17,olağanüstü,0.00404,2
period,5_post_local,technical,18,yapımı,0.00395,3
period,5_post_local,technical,19,i̇kli̇m,0.00386,4
period,5_post_local,technical,20,kurulu,0.00372,2
period,5_post_local,political,1,platformu,0.01523,2
period,5_post_local,political,2,mensupları,0.01485,7
period,5_post_local,political,3,basın,0.01481,4
period,5_post_local,political,4,saygıdeğer,0.01445,4
period,5_post_local,political,5,konut,0.01397,2
period,5_post_local,political,6,birliğimizin,0.01226,3
period,5_post_local,political,7,borsalar,0.01126,2
period,5_post_local,political,8,anahtar,0.01093,2
period,5_post_local,political,9,milletim,0.00993,3
period,5_post_local,political,10,kıymetli,0.00965,12
period,5_post_local,political,11,kardeşlerim,0.00965,2
period,5_post_local,political,12,töreni,0.00951,3
period,5_post_local,political,13,diliyorum,0.00927,3
period,5_post_local,political,14,kura,0.00881,2
period,5_post_local,political,15,sizleri,0.00873,16
period,5_post_local,political,16,beyefendiler,0.00844,3
period,5_post_local,political,17,üyeleri,0.00827,2
period,5_post_local,political,18,saygılarımı,0.00786,2
period,5_post_local,political,19,toplu,0.00747,2
period,5_post_local,political,20,nun,0.00725,2
period,5_post_local,development,1,vatandaşımızın,0.02468,2
period,5_post_local,development,2,projesi̇,0.01237,2
period,5_post_local,development,3,saygılarımı,0.01201,2
period,5_post_local,development,4,hayırlı,0.01188,2
period,5_post_local,development,5,sevgili,0.01082,5
period,5_post_local,development,6,mensupları,0.01003,3
period,5_post_local,development,7,yatırım,0.0099,4
period,5_post_local,development,8,borsalarımızın,0.00815,2
period,5_post_local,development,9,rixos,0.00739,3
period,5_post_local,development,10,yilmaz,0.00708,2
period,5_post_local,development,11,açılışını,0.00691,3
period,5_post_local,development,12,kıymetli,0.00659,13
period,5_post_local,development,13,kuruluşlarımızın,0.00647,2
period,5_post_local,development,14,sizleri,0.00597,12
period,5_post_local,development,15,yerinde,0.00584,4
period,5_post_local,development,16,konseyi,0.00581,2
period,5_post_local,development,17,istişarelerin,0.0056,2
period,5_post_local,development,18,borsalar,0.00528,2
period,5_post_local,development,19,alanda,0.00524,2
period,5_post_local,development,20,sanayi,0.00503,3
period,5_post_local,sustainability,1,akcurun,0.01486,2
period,5_post_local,sustainability,2,mensupları,0.00916,2
period,5_post_local,sustainability,3,hizmetler,0.00566,2
period,5_post_local,sustainability,4,dairesi,0.00553,2
period,5_post_local,sustainability,5,i̇kli̇m,0.00513,2
period,5_post_local,sustainability,6,i̇hti̇yaci,0.00507,2
period,5_post_local,sustainability,7,çevreye,0.00487,2
period,5_post_local,sustainability,8,nda,0.00462,3
period,5_post_local,sustainability,9,drone,0.00447,2
period,5_post_local,sustainability,10,altyapı,0.00392,5
period,5_post_local,sustainability,11,sizleri,0.0038,4
period,5_post_local,sustainability,12,müdürlüğü,0.00372,7
period,5_post_local,sustainability,13,nde,0.00336,5
period,5_post_local,sustainability,14,temmuz,0.00319,2
period,5_post_local,sustainability,15,sağlık,0.00314,3
period,5_post_local,sustainability,16,ilçesine,0.00313,2
period,5_post_local,sustainability,17,bi̇n,0.00302,2
period,5_post_local,sustainability,18,akom,0.00295,3
period,5_post_local,sustainability,19,şehi̇rci̇li̇k,0.00295,2
period,5_post_local,sustainability,20,temsilcileri,0.0029,2
province,national,technical,1,zemin,0.0164,2
province,national,technical,2,bi̇na,0.01489,2
province,national,technical,3,i̇lleri̇mi̇zde,0.01455,2
province,national,technical,4,etki̇lenen,0.00856,2
province,national,technical,5,felaketi,0.00793,2
province,national,technical,6,ihya,0.00759,2
province,national,technical,7,inşa,0.00701,3
province,national,technical,8,karadan,0.00666,3
province,national,technical,9,ağir,0.00632,4
province,national,technical,10,depremler,0.00602,2
province,national,technical,11,yikilacak,0.00578,2
province,national,technical,12,depremlerden,0.00573,4
province,national,technical,13,fay,0.00557,2
province,national,technical,14,yerleşim,0.00524,2
province,national,technical,15,aci̇l,0.00521,4
province,national,technical,16,bilgi,0.00504,2
province,national,technical,17,kamu,0.0046,2
province,national,technical,18,bi̇n,0.00411,8
province,national,technical,19,bölümden,0.00408,3
province,national,technical,20,alan,0.00399,6
province,national,political,1,töreni,0.01833,2
province,national,political,2,depremzede,0.01573,2
province,national,political,3,cumhuri̇yet,0.01457,2
province,national,political,4,konut,0.01349,8
province,national,political,5,konutunun,0.01221,2
province,national,political,6,toplantısı,0.01216,2
province,national,political,7,töreninde,0.01213,3
province,national,political,8,konutun,0.01097,6
province,national,political,9,ni̇san,0.00942,2
province,national,political,10,kardeşleri̇mi̇ze,0.00764,2
province,national,political,11,yilda,0.0074,2
province,national,political,12,yeni,0.00714,2
province,national,political,13,toki̇,0.00704,4
province,national,political,14,i̇daresi,0.00655,2
province,national,political,15,bakanlığı,0.00614,2
province,national,political,16,zamanli,0.00613,2
province,national,political,17,konutlarimizi,0.00579,3
province,national,political,18,kentsel,0.00535,5
province,national,political,19,ayağa,0.00532,3
province,national,political,20,kardeşleri̇mi̇zi̇n,0.00527,2
province,national,development,1,avcılık,0.02831,2
province,national,development,2,1620,0.01439,2
province,national,development,3,ulaştırma,0.01289,3
province,national,development,4,planını,0.01271,2
province,national,development,5,gençler,0.01126,2
province,national,development,6,sultanbeyli,0.01121,3
province,national,development,7,şampiyonları,0.01023,2
province,national,development,8,i̇nsanları,0.01007,2
province,national,development,9,kurul,0.00889,2
province,national,development,10,altyapı,0.00796,2
province,national,development,11,sizleri,0.00764,15
province,national,development,12,finans,0.00727,3
province,national,development,13,geldi,0.00675,2
province,national,development,14,bakanlığımızın,0.00661,5
province,national,development,15,sevgili,0.00646,9
province,national,development,16,arnavutköy,0.0062,2
province,national,development,17,toki̇,0.00582,3
province,national,development,18,hat,0.00517,2
province,national,development,19,şubat,0.00513,2
province,national,development,20,borsa,0.00506,2
province,national,sustainability,1,konferansı,0.01089,2
province,national,sustainability,2,dönüşüm,0.01077,2
province,national,sustainability,3,yeşi̇l,0.00972,2
province,national,sustainability,4,temi̇z,0.00732,2
province,national,sustainability,5,başkani,0.00625,2
province,national,sustainability,6,şehi̇rci̇li̇k,0.00597,5
province,national,sustainability,7,ilde,0.00554,2
province,national,sustainability,8,planı,0.0047,2
province,national,sustainability,9,stratejisi,0.00466,3
province,national,sustainability,10,cop28,0.00455,2
province,national,sustainability,11,düşen,0.00436,3
province,national,sustainability,12,teknofest,0.00433,3
province,national,sustainability,13,şehi̇rler,0.00428,2
province,national,sustainability,14,taraflar,0.00422,2
province,national,sustainability,15,i̇kli̇m,0.00367,11
province,national,sustainability,16,nde,0.00367,5
province,national,sustainability,17,düzenlenen,0.00317,2
province,national,sustainability,18,ulusal,0.00311,2
province,national,sustainability,19,belirterek,0.00278,2
province,national,sustainability,20,2023,0.00257,3
province,kahramanmaras,technical,1,bakani,0.01466,2
province,kahramanmaras,technical,2,asfalt,0.01329,3
province,kahramanmaras,technical,3,şehi̇rci̇li̇k,0.00842,2
province,kahramanmaras,technical,4,deği̇şi̇kli̇ği̇,0.00805,2
province,kahramanmaras,technical,5,tamamlandığı,0.00764,2
province,kahramanmaras,technical,6,kentsel,0.0068,3
province,kahramanmaras,technical,7,çalışmalarını,0.00645,2
province,kahramanmaras,technical,8,kalıcı,0.00623,2
province,kahramanmaras,technical,9,belirten,0.00618,2
province,kahramanmaras,technical,10,malikleri,0.00596,3
province,kahramanmaras,technical,11,ruhsat,0.00587,2
province,kahramanmaras,technical,12,toplantısı,0.00531,2
province,kahramanmaras,technical,13,tuzcuoğlu,0.00423,2
province,kahramanmaras,technical,14,bölgesinde,0.00419,2
province,kahramanmaras,technical,15,çalışmalara,0.00404,3
province,kahramanmaras,technical,16,yatırımla,0.00396,2
province,kahramanmaras,technical,17,inşası,0.0035,3
province,kahramanmaras,technical,18,projesi,0.00344,3
province,kahramanmaras,technical,19,i̇nşaat,0.00333,2
province,kahramanmaras,technical,20,binanın,0.00322,2
province,kahramanmaras,political,1,cumhurbaşkanımıza,0.02349,2
province,kahramanmaras,political,2,afet,0.01736,3
province,kahramanmaras,political,3,toki̇,0.01698,2
province,kahramanmaras,political,4,kura,0.01599,3
province,kahramanmaras,political,5,ziyaretlerde,0.00891,2
province,kahramanmaras,political,6,etti,0.0088,2
province,kahramanmaras,political,7,depremlerinin,0.00787,2
province,kahramanmaras,political,8,töreni,0.00728,4
province,kahramanmaras,political,9,anahtar,0.00719,3
province,kahramanmaras,political,10,yüzyılı,0.00634,2
province,kahramanmaras,political,11,numan,0.0062,5
province,kahramanmaras,political,12,törenine,0.00612,2
province,kahramanmaras,political,13,bölgede,0.00596,2
province,kahramanmaras,political,14,seçimlerinde,0.0058,2
province,kahramanmaras,political,15,kurtulmuş,0.00561,9
province,kahramanmaras,political,16,vahit,0.00559,7
province,kahramanmaras,political,17,değişikliği,0.00559,6
province,kahramanmaras,political,18,görgel,0.00544,2
province,kahramanmaras,political,19,üssü,0.00521,4
province,kahramanmaras,political,20,depremlerin,0.00514,2
province,kahramanmaras,development,1,tahsisi,0.02171,2
province,kahramanmaras,development,2,depremzedelerin,0.02016,2
province,kahramanmaras,development,3,etap,0.01314,2
province,kahramanmaras,development,4,tesisleri,0.01196,3
province,kahramanmaras,development,5,tamamlandı,0.01097,2
province,kahramanmaras,development,6,projesi,0.01064,2
province,kahramanmaras,development,7,kura,0.00888,4
province,kahramanmaras,development,8,prefabrik,0.00808,3
province,kahramanmaras,development,9,incelemelerde,0.00776,5
province,kahramanmaras,development,10,yerlerinin,0.00701,3
province,kahramanmaras,development,11,inşası,0.00652,5
province,kahramanmaras,development,12,merkezimizde,0.00645,2
province,kahramanmaras,development,13,katarak,0.00599,2
province,kahramanmaras,development,14,incelemek,0.00566,2
province,kahramanmaras,development,15,cam,0.00514,3
province,kahramanmaras,development,16,nda,0.00461,4
province,kahramanmaras,development,17,nde,0.00411,8
province,kahramanmaras,development,18,değişikliği,0.00397,7
province,kahramanmaras,development,19,üyeleri,0.00388,2
province,kahramanmaras,development,20,normale,0.00384,3
province,kahramanmaras,sustainability,1,depremde,0.01254,4
province,kahramanmaras,sustainability,2,hibe,0.00907,2
province,kahramanmaras,sustainability,3,tesisleri,0.00851,3
province,kahramanmaras,sustainability,4,cam,0.00803,3
province,kahramanmaras,sustainability,5,japonya,0.00674,2
province,kahramanmaras,sustainability,6,kirişci,0.00611,5
province,kahramanmaras,sustainability,7,birliğiyle,0.00584,2
province,kahramanmaras,sustainability,8,bakanlığı,0.00445,2
province,kahramanmaras,sustainability,9,milletvekili,0.00441,2
province,kahramanmaras,sustainability,10,2023,0.00422,2
province,kahramanmaras,sustainability,11,onikişubat,0.00421,2
province,kahramanmaras,sustainability,12,expo,0.004,2
province,kahramanmaras,sustainability,13,toplantısı,0.00381,2
province,kahramanmaras,sustainability,14,değerlendirmek,0.00358,2
province,kahramanmaras,sustainability,15,yardımcısı,0.00322,2
province,kahramanmaras,sustainability,16,parti,0.00321,2
province,kahramanmaras,sustainability,17,teras,0.00303,3
province,kahramanmaras,sustainability,18,gerçekleştirilen,0.0028,2
province,kahramanmaras,sustainability,19,yatırım,0.00279,3
province,kahramanmaras,sustainability,20,üzere,0.00275,3
province,hatay,technical,1,hibe,0.01252,2
province,hatay,technical,2,hatlari,0.01125,2
province,hatay,technical,3,altyapı,0.01088,6
province,hatay,technical,4,konut,0.00688,3
province,hatay,technical,5,hatlarında,0.00601,2
province,hatay,technical,6,çevresel,0.00585,3
province,hatay,technical,7,dairesi,0.00507,2
province,hatay,technical,8,çalişmalarina,0.00506,2
province,hatay,technical,9,yilmaz,0.00448,2
province,hatay,technical,10,yardımcısı,0.0041,2
province,hatay,technical,11,yardımcımız,0.00409,2
province,hatay,technical,12,olağanüstü,0.00404,2
province,hatay,technical,13,görevi,0.00385,2
province,hatay,technical,14,yeni̇,0.00381,4
province,hatay,technical,15,kurulu,0.00372,2
province,hatay,technical,16,bi̇n,0.00365,2
province,hatay,technical,17,gören,0.00352,3
province,hatay,technical,18,723,0.00323,3
province,hatay,technical,19,güçlü,0.00269,2
province,hatay,technical,20,sekreter,0.00263,2
province,hatay,political,1,töreni,0.01453,3
province,hatay,political,2,konut,0.01435,3
province,hatay,political,3,konutları,0.01052,2
province,hatay,political,4,açılış,0.00932,3
province,hatay,political,5,toki̇,0.00893,2
province,hatay,political,6,mi̇lyar,0.00849,2
province,hatay,political,7,toplu,0.00782,2
province,hatay,political,8,anahtar,0.00677,2
province,hatay,political,9,cami̇,0.00581,2
province,hatay,political,10,müjdesi̇,0.00544,2
province,hatay,political,11,beyefendi,0.00544,2
province,hatay,political,12,söz,0.00534,2
province,hatay,political,13,hbb,0.00525,5
province,hatay,political,14,teslimi,0.00517,2
province,hatay,political,15,bey,0.005,2
province,hatay,political,16,i̇le,0.00494,2
province,hatay,political,17,olduğunu,0.00489,2
province,hatay,political,18,toplantılarına,0.00486,2
province,hatay,political,19,ilimizi,0.00466,2
province,hatay,political,20,teşrif,0.00451,3
province,hatay,development,1,erzi̇n,0.01028,2
province,hatay,development,2,hibe,0.00755,2
province,hatay,development,3,şehi̇rci̇li̇k,0.00739,2
province,hatay,development,4,hesob,0.00734,3
province,hatay,development,5,atma,0.00658,2
province,hatay,development,6,bakani,0.00561,2
province,hatay,development,7,ekim,0.00554,2
province,hatay,development,8,projeler,0.00541,2
province,hatay,development,9,yilmaz,0.00512,3
province,hatay,development,10,hi̇zmet,0.00467,2
province,hatay,development,11,nda,0.00431,2
province,hatay,development,12,hbb,0.00415,5
province,hatay,development,13,ilimizi,0.00396,3
province,hatay,development,14,i̇le,0.00393,2
province,hatay,development,15,mi̇llet,0.00361,2
province,hatay,development,16,sosyal,0.00325,2
province,hatay,development,17,deği̇şi̇kli̇ği̇,0.00316,2
province,hatay,development,18,yatirim,0.00305,2
province,hatay,development,19,projesiyle,0.00304,2
province,hatay,development,20,bey,0.00299,2
province,hatay,sustainability,1,bahçesi,0.01196,2
province,hatay,sustainability,2,çevresel,0.0095,3
province,hatay,sustainability,3,plani,0.00823,2
province,hatay,sustainability,4,expo,0.00735,2
province,hatay,sustainability,5,planimiz,0.00528,2
province,hatay,sustainability,6,nda,0.00462,3
province,hatay,sustainability,7,nehri,0.00447,2
province,hatay,sustainability,8,müdürlüğü,0.00444,5
province,hatay,sustainability,9,ayında,0.00419,2
province,hatay,sustainability,10,i̇kli̇m,0.00412,2
province,hatay,sustainability,11,altyapı,0.00402,3
province,hatay,sustainability,12,haziran,0.0039,2
province,hatay,sustainability,13,erzin,0.00376,2
province,hatay,sustainability,14,nde,0.00336,4
province,hatay,sustainability,15,bakani,0.00328,2
province,hatay,sustainability,16,ilçesine,0.00313,2
province,hatay,sustainability,17,çalışmalarına,0.0031,2
province,hatay,sustainability,18,sırasında,0.00299,2
province,hatay,sustainability,19,akom,0.00295,3
province,hatay,sustainability,20,konusunda,0.00291,2
province,adiyaman,technical,1,vatandaşımızın,0.01901,2
province,adiyaman,technical,2,yapı,0.01697,2
province,adiyaman,technical,3,kentsel,0.01432,2
province,adiyaman,technical,4,deği̇şi̇kli̇ği̇,0.00903,5
province,adiyaman,technical,5,bakani,0.00831,5
province,adiyaman,technical,6,dünyayı,0.00784,2
province,adiyaman,technical,7,milletimizin,0.00685,2
province,adiyaman,technical,8,sağlam,0.00676,2
province,adiyaman,technical,9,projesi̇,0.00513,2
province,adiyaman,technical,10,nde,0.005,2
province,adiyaman,technical,11,inşa,0.00491,3
province,adiyaman,technical,12,i̇kli̇m,0.00463,5
province,adiyaman,technical,13,açıkladı,0.00423,2
province,adiyaman,technical,14,şehi̇rci̇li̇k,0.00416,5
province,adiyaman,technical,15,ağır,0.00402,2
province,adiyaman,technical,16,yapımı,0.00395,3
province,adiyaman,technical,17,depremzede,0.00371,2
province,adiyaman,technical,18,mimari,0.0037,2
province,adiyaman,technical,19,birlikte,0.00347,3
province,adiyaman,technical,20,mübarek,0.00335,3
province,adiyaman,political,1,binaların,0.01384,2
province,adiyaman,political,2,projesi,0.0114,2
province,adiyaman,political,3,unsurların,0.01104,2
province,adiyaman,political,4,vatandaşımızın,0.01073,2
province,adiyaman,political,5,önümüzde,0.00944,2
province,adiyaman,political,6,ezelden,0.00911,2
province,adiyaman,political,7,kalbi̇,0.00832,2
province,adiyaman,political,8,konuştu,0.00826,4
province,adiyaman,political,9,meydan,0.00703,4
province,adiyaman,political,10,töreni,0.00693,2
province,adiyaman,political,11,konutları,0.00692,2
province,adiyaman,political,12,kutlamalarına,0.00665,2
province,adiyaman,political,13,adiyamanli,0.0061,2
province,adiyaman,political,14,iklimi,0.00559,2
province,adiyaman,political,15,kutlandı,0.00528,2
province,adiyaman,political,16,valiliği,0.00528,2
province,adiyaman,political,17,kabulü,0.00517,2
province,adiyaman,political,18,yılı,0.0045,2
province,adiyaman,political,19,telefonla,0.00446,2
province,adiyaman,political,20,görev,0.00433,3
province,adiyaman,development,1,vatandaşımızın,0.02468,2
province,adiyaman,development,2,projesi̇,0.01175,2
province,adiyaman,development,3,sağlam,0.01086,2
province,adiyaman,development,4,bakani,0.00663,5
province,adiyaman,development,5,yapımı,0.00621,3
province,adiyaman,development,6,incelemelerde,0.00613,2
province,adiyaman,development,7,bayramı,0.00596,2
province,adiyaman,development,8,adiyaman,0.00557,7
province,adiyaman,development,9,dünyayı,0.00554,2
province,adiyaman,development,10,şan,0.00541,2
province,adiyaman,development,11,nde,0.00508,2
province,adiyaman,development,12,kamu,0.00473,2
province,adiyaman,development,13,yerinde,0.00427,2
province,adiyaman,development,14,etti,0.00405,5
province,adiyaman,development,15,şehi̇rci̇li̇k,0.00394,5
province,adiyaman,development,16,ihtiyaç,0.00381,2
province,adiyaman,development,17,konuştu,0.00308,4
province,adiyaman,development,18,kalbi̇,0.00307,2
province,adiyaman,development,19,özhaseki̇,0.00302,3
province,adiyaman,development,20,şubat,0.00296,3
province,adiyaman,sustainability,1,sınavı,0.00581,2
province,adiyaman,sustainability,2,yükseköğretim,0.00563,2
province,adiyaman,sustainability,3,emlak,0.00442,2
province,adiyaman,sustainability,4,birlikte,0.00402,3
province,adiyaman,sustainability,5,açıkladı,0.004,2
province,adiyaman,sustainability,6,incelemelerde,0.00362,2
province,adiyaman,sustainability,7,yana,0.00355,2
province,adiyaman,sustainability,8,yardımcısı,0.00351,2
province,adiyaman,sustainability,9,dünyayı,0.00276,2
province,adiyaman,sustainability,10,kalıcı,0.00263,2
province,adiyaman,sustainability,11,i̇kli̇m,0.00261,5
province,adiyaman,sustainability,12,nde,0.00258,2
province,adiyaman,sustainability,13,ticari,0.00254,3
province,adiyaman,sustainability,14,bölgesine,0.00242,2
province,adiyaman,sustainability,15,kurulu,0.00203,3
province,adiyaman,sustainability,16,dünya,0.0018,2
province,adiyaman,sustainability,17,100,0.00167,2
province,adiyaman,sustainability,18,engelli,0.00162,2
province,adiyaman,sustainability,19,küçük,0.00161,5
province,adiyaman,sustainability,20,insan,0.0015,2
