doc_id,text,technical,political,development,sustainability
hatay_bld_0050,"Hatay’ın Belen ilçesinde nedeni henüz belli olmayan yangının söndürme çalışmaları devam ediyor.

Hatay Büyükşehir Belediyesinin tüm ekipmanlarının seferberlik gösterdiği yangına, Jandarma Güvenlik güçleri ile Emniyet Müdürlüğü ekipleri, Orman İşletme Müdürlüğü, AFAD ve çevre illerdeki belediyeler de müdahale ediyor.

Kınalıtepe mevkiinde yayılım gösteren yangına havadan ve karadan müdahale edilirken evlerden yangın bölgesinde yaşayan bin 500 kişi tahliye edildi.

Yetkililer, 12 mesken ve 4 sivil aracın da kullanılamaz hale geldiği yangında can kaybının yaşanmadığını açıkladı.",0,0,0,0
adiyaman_val_028,"Adıyaman’da göreve başladığı günden bu yana sorunların yerinde tespiti ve çözümü için bir taraftan ilçe ziyaretlerini gerçekleştirirken diğer taraftan da kurumları ziyaret ederek brifing almaya başlayan Vali Dr. Osman Varol, kurum ziyaretleri kapsamında İl Jandarma Komutanlığını ziyaret ederek brifing aldı. 

İl Jandarma Komutanlığına gelişinde Vali Osman Varol’u İl Jandarma Komutanı Albay Ferdi Erbakıcı, Komutan Yardımcıları ve Şube Müdürleri karşıladı. 
Tören mangasını selamladıktan sonra Jandarma’nın şeref defterini imzalayan Vali Osman Varol, İl Jandarma Komutanı Albay Ferdi Erbakıcı’yla bir süre görüştükten sonra il genelinde Jandarma’nın sorumluluk alanında yapılan çalışmalar, personel durumu ile kırsal kesimdeki genel asayiş uygulamaları hakkında brifing aldı. 

Kahramanmaraş merkezli depremlerden en çok etkilenen Adıyaman’da il merkezi ve ilçelerdeki konteyner kentleri ziyaret ederek, vatandaşın ihtiyaç ve taleplerini tespit eden Vali Osman Varol, “Öncelikle ilimizin ihtiyaçlarının karşılanması ve sorunlarının çözümü noktasında bugün İl Jandarma Komutanlığımızdan başlayarak brifing almaya başladık. Adıyamanlı vatandaşlarımızın huzur ve güvenliğini sağlamak için mesai mefhumu gözetmeden, gece gündüz demeden özveriyle görev yapan Jandarma personelimize teşekkür ediyor çalışmalarında başarılar diliyorum”dedi.",0,1,0,0
csb_0523,"ŞEHİT MÜSLÜM ÖZDEMİR'İN AİLESİNİN EVİ, ŞUBAT AYI İÇERİSİNDE TESLİM EDİLİYOR

Çevre, Şehircilik ve İklim Değişikliği Bakanı Mehmet Özhaseki, Irak’ın kuzeyindeki Pençe-Kilit Harekâtı bölgesinde şehit düşen Kahramanmaraşlı Piyade Er Müslüm Özdemir’in depremde evi yıkılan ailesine verdiği sözü tuttu. Bakan Mehmet Özhaseki, Şehit Müslüm Özdemir’in ailesinin evinin, şubat ayı içerisinde teslim edileceğini duyurdu.

Çevre, Şehircilik ve İklim Değişikliği Bakanlığı; 12 Ocak’ta Irak'ın kuzeyindeki Pençe-Kilit Harekâtı bölgesinde teröristlerle çıkan çatışmada şehit düşen askerlerden Sözleşmeli Piyade Er Müslüm Özdemir’in Kahramanmaraş’ta yaşayan depremzede ailesi için hemen devreye girmişti. Bakan Mehmet Özhaseki; yaptığı açıklamada şehidin ailesine; ya rezerv alandaki hazır konutlardan verebileceklerinin ya da şehidin ailesinin yaşadığı köyde 1 ay içinde yapıp bitirecekleri evi teslim edeceklerinin sözünü vermişti.

“MÜSLÜM EVLADIMIZIN AİLESİNE VERDİĞİMİZ SÖZÜ TUTUYORUZ”

6 Şubat Kahramanmaraş depremlerinden etkilenen il ve ilçelerde afet konutları ve köy evlerinin yapımı hızla devam ederken Bakan Özhaseki, Şehit Müslüm Özdemir’in ailesine verdiği sözü de tuttu. Bakan Mehmet Özhaseki, resmî sosyal medya hesabından yaptığı paylaşımla, Özdemir ailesinin evinin tamamlanmak üzere olduğunu belirtti.

Şehidin ailesi için yapılan evin son durumunu gösteren bir video da paylaşan Bakan Özhaseki; “Kahramanmaraşlı şehidimiz Müslüm evladımızın ailesine verdiğimiz sözü tutuyoruz. Şehidimizin ailesi bizden, evlerini yaşadıkları köyde yapmamızı istedi. Biz de onların istekleri doğrultusunda, yaşadıkları köyde evlerini yapmaya başladık. Evimizi Şubat ayında teslim edeceğiz. Hayırlı olsun.” dedi.",0,2,0,0
kmaras_val_201,"İl İstihdam ve Mesleki Eğitim Kurulu 2024 yılı 1. Olağan toplantısı, Valimiz Mükerrem Ünlüer başkanlığında gerçekleştirildi.
 
Toplantı, İl Milli Eğitim Müdürlüğü yetkilileri tarafından “Mesleki Eğitimde İş Sağlığı ve Güvenliği” ile “İş Yerlerinde İş Sağlığı ve Güvenliği” konulu sunumların yapılmasıyla başladı.
 
Toplantıda; Mesleki ve teknik ortaöğretim kurumlarında öğrenim görmekte olan öğrencilerin özellikle işyerlerinde yaptıkları staj çalışmalarında iş sağlığı ve güvenliğine ilişkin tedbirlerin alınması, iş sağlığı ve güvenliği konusunda farkındalıkların artırılması, kentimizi ve ülkemizi derinden sarsan asrın felaketi depremlerinden sonra kentimizde nitelikli işgücü yetiştirmek, işsizlik oranını azaltmak, kadın, genç ve dezavantajlı grupların istihdama katılımlarını artırmak amacıyla yapılacak örnek çalışmalarda gerekli hassasiyetin gösterilmesi hususları görüşülerek, yapılacak çalışmalara ve kurumlar ile işyerleri arasında koordinasyona ehemmiyet gösterilmesinin önemli olduğu ifade edildi. 
 
İl İstihdam ve Mesleki Eğitim Kurulu Toplantısı, belirlenen gündem maddelerinin görüşülmesi, üyelerin kararlara ilişkin önerilerinin istişare edilmesi ve alınan kararların kurul üyeleri tarafından onaylanması ile sona erdi.",0,0,3,0
kmaras_bld_0549,"Başkan Güngör ile bir araya gelen Adalet Bakanı Yılmaz Tunç, “Depremde zarar gören şehirlerimizin yeniden inşa süreci ile afet riskine karşı dayanıklı şehirler oluşturmamız en önemli hedeflerimizden. Bu hedefi gerçekleştirmek için de tüm konuların önüne bunu alıyoruz” dedi.

Kahramanmaraş Büyükşehir Belediye Başkanı Hayrettin Güngör, çeşitli ziyaretlerde bulunmak üzere şehre gelen Adalet Bakanı Yılmaz Tunç’u makamında ağırladı. Valilik ve AK Parti İl Teşkilatı ziyaretinin ardından Cuma Namazı çıkışında Aşure Dağıtımı Programı’na katılan Bakan Tunç, daha sonra Büyükşehir Belediyesi’ni ziyaret etti. TBMM Tarım, Orman ve Köyişleri Komisyonu Başkanı Prof. Dr. Vahit Kirişci, Vali Ömer Faruk Coşkun, AK Parti Kahramanmaraş Milletvekilleri Ömer Oruç Bilal Debgici, Mevlüt Kurt ve Prof. Dr. Mehmet Şahin, İl Jandarma Komutanı Albay Tolga Yağan ve AK Parti İl Başkanı Fırat Görgel’in de yer aldığı ziyarette Adalet Bakanı Yılmaz Tunç, şehirde yürütülen çalışmalara ilişkin Başkan Güngör’den bilgiler aldı.

Afete Dayanıklı Şehirler

Gerçekleştirilen toplantı sonrası açıklamalarda bulunan Adalet Bakanı Yılmaz Tunç, “Depremde hayatını kaybeden vatandaşlarımıza Allah’tan rahmet, yakınlarına baş sağlığı diliyorum. Şehrimizin, ülkemizin başı sağ olsun. Sayın Cumhurbaşkanımızın liderliğinde, deprem bölgesindeki şehirlerimizi yeniden ayağa kaldırmak için gayret ediyoruz. Depremde zarar gören şehirlerimizin yeniden inşa süreci ile afet riskine karşı dayanıklı şehirler oluşturmamız en önemli hedeflerimizden. Bu hedefi gerçekleştirmek için de tüm konuların önüne bunu alıyoruz” ifadelerini kullandı.",2,2,1,0
csb_0820,"İNDERE'DE KAYA ZEMİNE TÜNEL KALIP SİSTEMİYLE SAĞLAM KONUTLAR İNŞA EDİLİYOR

Çevre, Şehircilik ve İklim Değişikliği Bakanlığı, Kahramanmaraş merkezli depremlerin ardından bölgede inşa sürecine hızla devam ediyor. Türkiye’nin en büyük şantiyesinin kurulduğu Adıyaman İndere’de deprem konutlarıyla birlikte yaşam alanları da inşa ediliyor. 16 bin 433 kalıcı konutun yapımı için 8 bin kişilik ekip gece gündüz çalışıyor. Bölgeden görüntüler paylaşan Bakan Kurum, “11 ilimizde, 159 şantiyede, 153 bin işçimizle sahadayız. Burası 5 milyon metrekarelik alanla Türkiye’nin en büyük şantiyesi Adıyaman İndere. 7 bine yakın ailemizin yuvalarını belirledik, 9 bin 603 konut için gece gündüz çalışıyoruz” dedi.

Depremin ağır yıkıma neden olduğu Adıyaman’da Emlak Konut tarafından 5 milyon metrekare alan üzerine Türkiye’nin en büyük şantiyesi kuruldu. Bölgede 8 bin işçi, 750 iş makinesi ile çalışmalar hızla sürüyor. Proje kapsamında, 16 bin 433 kalıcı konut/iş yeri yapılacak. Konutlar, yatay mimariye uygun zemin+4’ü geçmeyecek şekilde projelendirildi. 6 bin 830 konutun kuraları çekildi, hak sahipleri belirlendi. 9 bin 603 kalıcı konutun inşası sürüyor.

Çevre, Şehircilik ve İklim Değişikliği Bakanı Murat Kurum, İndere’de devam eden inşaatların görüntülerini sosyal medya hesabı üzerinden paylaştı. Bakan Kurum, “11 ilimizde, 159 şantiyede, 153 bin işçimizle sahadayız. Burası 5 milyon metrekarelik alanla Türkiye’nin en büyük şantiyesi Adıyaman İndere. 7 bine yakın ailemizin yuvalarını belirledik, 9 bin 603 konut için gece gündüz çalışıyoruz” ifadelerini kullandı.

“SAĞLAM ZEMİN ÜZERİNE SAĞLAM YAPILAR İNŞA EDİYORUZ”

Emlak Konut Adıyaman Bölge Müdürü Mehmet Ersev Kuzdan da İndere bölgesinin kayalık zeminde olmasından dolayı tercih edildiğine dikkat çekti. Kuzdan, “Biz tünel kalıp sistemiyle imalatlarımızı yapıyoruz. Bu nedenle konutlarımız depreme dayanıklı. Vatandaşlarımızın içi rahat olsun. Sağlam zemin üzerine sağlam yapılar inşa ediyoruz” dedi.

OTOPARK, OYUN GRUPLARI VE YEŞİL ALANLAR YER ALACAK

Proje kapsamında bir caminin de tamamlandığını belirten Kuzdan, “Parsellerin içinde, binaların önünde kapalı ve açık otoparklarımız, çocuk oyun gruplarımız ve yeşil alanlarımız mevcut. Sadece konut yapmıyoruz. Biz burada sağlam, güvenli ve modern bir şehir oluşturuyoruz” diye konuştu.

Linke tıklayınız;",3,1,2,0
csb_0354,"BAKAN ÖZHASEKİ: “SÖZ VERDİK SÖZÜMÜZÜ TUTUYORUZ”

Çevre, Şehircilik ve İklim Değişikliği Bakanı Mehmet Özhaseki, Kahramanmaraş merkezli iki büyük depremden etkilenen illerde yapılan sağlam ve güvenli konutlarının yakın zamanda vatandaşlara teslim edileceğini bildirerek, “Söz verdik, sözümüzü tutuyoruz. Deprem bölgesinde yapımına başladığımız konutlarımız hızla yükseliyor. Sağlam ve güvenli yuvalarımızın teslimine inşallah Kasım - Aralık aylarında başlıyoruz.” dedi.

Çevre, Şehircilik ve İklim Değişikliği Bakanı Mehmet Özhaseki, Kahramanmaraş merkezli meydana gelen depremlerden etkilenen illerde yapımına başlanan yeni, sağlam ve güvenli konutların inşaatının hızla yükseldiğini söyledi. 6 Şubat’tan bu yana deprem bölgesinde kaydedilen ilerlemeye dikkat çeken Bakan Özhaseki, resmi sosyal medya hesabından yaptığı paylaşımda, “Söz verdik, sözümüzü tutuyoruz. Deprem bölgesinde yapımına başladığımız konutlarımız hızla yükseliyor. Sağlam ve güvenli yuvalarımızın teslimine inşallah Kasım-Aralık aylarında başlıyoruz” ifadelerine yer verdi.

200 BİN KONUT VE KÖY EVİNİN İNŞAATI YÜKSELİYOR

Çevre, Şehircilik ve İklim Değişikliği Bakanlığı, Toplu Konut İdaresi Başkanlığı (TOKİ), Emlak Konut GYO ve Yapı İşleri Genel Müdürlüğü eliyle afet bölgesinde hayatın normale dönmesi için gece gündüz çalışmalarını sürdürüyor. Şehir merkezlerinde TOKİ tarafından fay kırıklarına uzak, sıvılaşma riskinin olmadığı sağlam zeminlerde depreme dayanıklı konutlar inşa edilirken, kırsal bölgelerde ise Yapı İşleri Genel Müdürlüğü tarafından yöresel ihtiyaçları karşılayacak şekilde sağlam köy evleri yapılıyor. Şu ana kadar deprem bölgesinde inşaatına başlanılan 200 bini aşkın konut ve köy evinin yapımı aralıksız devam ediyor. Deprem bölgesinde toplamda 680 bin konut ve köy evi ile 170 bin iş yeri, ahır ve depo olmak üzere 850 bin bağımsız birim inşa edilecek.

Deprem bölgesinde ihtiyaca göre belirlenen konut ve köy evi sayısı ise şu şekilde:

Hatay: 220 bin 66 konut ve 34 bin 129 köy evi ile toplamda 254 bin 195 ev

Kahramanmaraş: 82 bin 104 konut ve 30 bin 310 köy evi ile toplamda 112 bin 414 ev

Malatya: 77 bin 717 konut ve 25 bin 302 köy evi ile toplamda 103 bin 19 ev

Adıyaman: 41 bin 171 konut ve 23 bin 640 köy evi ile toplamda 64 bin 811 ev

Gaziantep: 29 bin 315 konut ve 12 bin 607 köy evi ile toplamda 41 bin 922 ev

Şanlıurfa: 13 bin 782 konut ve 3 bin köy evi ile toplamda 16 bin 782 ev

Adana: 18 bin 583 konut ve 2 bin 438 köy evi ile toplamda 21 bin 21 ev

Osmaniye: 13 bin 646 konut ve 6 bin 856 köy evi ile toplamda 20 bin 502 ev

Elazığ: 20 bin 261 konut

Kilis: 733 konut ve 2 bin 628 köy evi ile toplamda 3 bin 361 ev

Diyarbakır: 19 bin 351 konut ve 2 bin 361 köy evi ile toplamda 21 bin 712 ev",3,3,2,0
hatay_bld_0167,"HBB, GEÇİCİ YAŞAM ALANLARINA ALT VE ÜSTYAPI DESTEKLERİNİ SÜRDÜRÜYOR

Hatay Büyükşehir Belediyesi ile Güney Kore Kosin Presbyterian Kiliseleri ve uluslararası yardım kuruluşu REMAR S.O.S. işbirliğiyle, Antakya EXPO Yolu üzerindeki (Eski Orman Genel Müdürlüğü civarında) iki farklı geçici yaşam alanın yapımı tamamlandı.

Depremin ilk gününden itibaren konteyner kentlere yönelik her türlü desteklerini sürdüren Büyükşehir Belediyesi, yer tahsisinde bulunduğu iki yaşam alanına; Fen İşleri Daire Başkanlığı ve HATSU koordinesinde ise alt ve üstyapı hizmetleriyle katkı sağladı.

HBB yetkilileri, saha düzenlemelerinden altyapı bağlantılarına kadar çeşitli çalışmalar yürüttüklerini belirtti. Ayrıca elektrik, su iletimi, aydınlatma lambaları, tel çit yapımı, parke ve şev taşı döşeme, peyzaj çalışmaları gerçekleştirdiklerini ifade etti.

Yuvarlak saclardan inşa edilen “REMAR S.O.S & HBB Yaşam Alanı” 100; her iklim şartlarına uygun malzemelerden yapılan “Güney Kore Kosin Presbyterian Kiliseleri & HBB Yaşam Alanı” ise 50 konuttan oluşuyor.

NOT: Haberin video ve fotoğraflarını aşağıdaki linklerden indirebilirsiniz:

FOTOĞRAF: https://we.tl/t-JNXx4e5b6j

VİDEO: https://we.tl/t-ltK59sto53",1,1,3,1
